month,구간,cnt
1,5분 이하,256376
1,5~10분,399798
1,10~20분,327558
1,20~30분,115947
1,30~60분,135434
1,1~2시간,67274
1,2~4시간,6353
2,5분 이하,239324
2,5~10분,382148
2,10~20분,336305
2,20~30분,128824
2,30~60분,166954
2,1~2시간,80144
2,2~4시간,7404
3,5분 이하,360334
3,5~10분,571281
3,10~20분,517697
3,20~30분,208934
3,30~60분,283136
3,1~2시간,137529
3,2~4시간,13996
4,5분 이하,460063
4,5~10분,769372
4,10~20분,763402
4,20~30분,331987
4,30~60분,476672
4,1~2시간,230152
4,2~4시간,23863
5,5분 이하,489532
5,5~10분,823344
5,10~20분,809904
5,20~30분,345914
5,30~60분,484319
5,1~2시간,235722
5,2~4시간,24004
6,5분 이하,524534
6,5~10분,884015
6,10~20분,821238
6,20~30분,333889
6,30~60분,463034
6,1~2시간,231519
6,2~4시간,23052
7,5분 이하,449494
7,5~10분,739626
7,10~20분,626363
7,20~30분,233749
7,30~60분,308648
7,1~2시간,156535
7,2~4시간,15621
8,5분 이하,507599
8,5~10분,796660
8,10~20분,641089
8,20~30분,237684
8,30~60분,335283
8,1~2시간,178450
8,2~4시간,17908
9,5분 이하,473613
9,5~10분,782250
9,10~20분,695022
9,20~30분,282849
9,30~60분,412803
9,1~2시간,212224
9,2~4시간,22742
10,5분 이하,521197
10,5~10분,858486
10,10~20분,787368
10,20~30분,323619
10,30~60분,456120
10,1~2시간,227117
10,2~4시간,24921
11,5분 이하,436854
11,5~10분,685784
11,10~20분,593662
11,20~30분,228304
11,30~60분,296908
11,1~2시간,148383
11,2~4시간,15148
12,5분 이하,322820
12,5~10분,487654
12,10~20분,382283
12,20~30분,134337
12,30~60분,159377
12,1~2시간,82370
12,2~4시간,8171
