연월,대여 대여소번호,대여 대여소명,건수
2022-07,3,중랑센터,51
2022-07,5,상암센터,17
2022-07,9985,천왕센터,13
2022-07,9997,이수센터,30
2022-07,9998,영남센터,2
2022-07,9999,상담센터,137
2022-07,88888,영남배송,14
2022-08,3,중랑센터,40
2022-08,5,상암센터,9
2022-08,9985,천왕센터,16
2022-08,9993,개화센터,1
2022-08,9997,이수센터,29
2022-08,9998,영남센터,11
2022-08,9999,상담센터,112
2022-08,88888,영남배송,14
2022-08,99999,영남센터,3
2022-09,3,중랑센터,43
2022-09,5,상암센터,24
2022-09,9985,천왕센터,10
2022-09,9986,여의도 센터,4
2022-09,9997,이수센터,15
2022-09,9998,영남센터,4
2022-09,9999,상담센터,187
2022-09,88888,영남배송,19
2022-09,99999,영남센터,4
2022-10,3,중랑센터,35
2022-10,5,상암센터,19
2022-10,9985,천왕센터,9
2022-10,9988,천호센터,1
2022-10,9993,개화센터,1
2022-10,9994,강남순회정비,1
2022-10,9997,이수센터,15
2022-10,9999,상담센터,132
2022-10,88888,영남배송,19
