자치구,date,pred_rent,pred_net,pred_ret,공급필요,회수가능
강남구,2026-01-01,1554.0,-23.0,1531.0,23.0,0.0
강남구,2026-01-02,1690.0,-38.0,1651.0,38.0,0.0
강남구,2026-01-03,968.0,-16.0,952.0,16.0,0.0
강남구,2026-01-04,884.0,-11.0,873.0,11.0,0.0
강남구,2026-01-05,1512.0,-33.0,1479.0,33.0,0.0
강남구,2026-01-06,1616.0,-10.0,1607.0,10.0,0.0
강남구,2026-01-07,1570.0,-18.0,1553.0,18.0,0.0
강동구,2026-01-01,2090.0,18.0,2107.0,0.0,18.0
강동구,2026-01-02,2177.0,5.0,2182.0,0.0,5.0
강동구,2026-01-03,1577.0,4.0,1581.0,0.0,4.0
강동구,2026-01-04,1276.0,7.0,1283.0,0.0,7.0
강동구,2026-01-05,2234.0,12.0,2246.0,0.0,12.0
강동구,2026-01-06,2280.0,-6.0,2274.0,6.0,0.0
강동구,2026-01-07,2239.0,8.0,2247.0,0.0,8.0
강북구,2026-01-01,564.0,1.0,565.0,0.0,1.0
강북구,2026-01-02,554.0,-4.0,550.0,4.0,0.0
강북구,2026-01-03,441.0,-3.0,438.0,3.0,0.0
강북구,2026-01-04,440.0,-6.0,434.0,6.0,0.0
강북구,2026-01-05,580.0,-5.0,576.0,5.0,0.0
강북구,2026-01-06,579.0,1.0,580.0,0.0,1.0
강북구,2026-01-07,578.0,2.0,581.0,0.0,2.0
강서구,2026-01-01,5856.0,-2.0,5854.0,2.0,0.0
강서구,2026-01-02,5496.0,-12.0,5484.0,12.0,0.0
강서구,2026-01-03,3937.0,-12.0,3926.0,12.0,0.0
강서구,2026-01-04,2958.0,-5.0,2953.0,5.0,0.0
강서구,2026-01-05,6243.0,-5.0,6238.0,5.0,0.0
강서구,2026-01-06,6016.0,-13.0,6003.0,13.0,0.0
강서구,2026-01-07,6397.0,-3.0,6394.0,3.0,0.0
관악구,2026-01-01,766.0,-1.0,765.0,1.0,0.0
관악구,2026-01-02,844.0,-2.0,842.0,2.0,0.0
관악구,2026-01-03,642.0,-6.0,636.0,6.0,0.0
관악구,2026-01-04,584.0,-1.0,583.0,1.0,0.0
관악구,2026-01-05,853.0,-1.0,852.0,1.0,0.0
관악구,2026-01-06,796.0,-2.0,795.0,2.0,0.0
관악구,2026-01-07,859.0,0.0,860.0,0.0,0.0
광진구,2026-01-01,2201.0,-22.0,2179.0,22.0,0.0
광진구,2026-01-02,2300.0,-40.0,2261.0,40.0,0.0
광진구,2026-01-03,1664.0,-9.0,1655.0,9.0,0.0
광진구,2026-01-04,1356.0,-14.0,1342.0,14.0,0.0
광진구,2026-01-05,2393.0,-26.0,2367.0,26.0,0.0
광진구,2026-01-06,2363.0,-63.0,2299.0,63.0,0.0
광진구,2026-01-07,2267.0,-42.0,2226.0,42.0,0.0
구로구,2026-01-01,2090.0,-0.0,2089.0,0.0,0.0
구로구,2026-01-02,2195.0,-1.0,2194.0,1.0,0.0
구로구,2026-01-03,1529.0,11.0,1539.0,0.0,11.0
구로구,2026-01-04,1172.0,-3.0,1170.0,3.0,0.0
구로구,2026-01-05,2220.0,0.0,2220.0,0.0,0.0
구로구,2026-01-06,2285.0,9.0,2294.0,0.0,9.0
구로구,2026-01-07,2220.0,1.0,2221.0,0.0,1.0
금천구,2026-01-01,857.0,6.0,862.0,0.0,6.0
금천구,2026-01-02,875.0,2.0,877.0,0.0,2.0
금천구,2026-01-03,438.0,-0.0,438.0,0.0,0.0
금천구,2026-01-04,443.0,1.0,443.0,0.0,1.0
금천구,2026-01-05,949.0,3.0,953.0,0.0,3.0
금천구,2026-01-06,932.0,13.0,945.0,0.0,13.0
금천구,2026-01-07,946.0,-3.0,943.0,3.0,0.0
노원구,2026-01-01,2801.0,-3.0,2798.0,3.0,0.0
노원구,2026-01-02,2852.0,3.0,2856.0,0.0,3.0
노원구,2026-01-03,2125.0,4.0,2129.0,0.0,4.0
노원구,2026-01-04,1601.0,3.0,1605.0,0.0,3.0
노원구,2026-01-05,2694.0,1.0,2695.0,0.0,1.0
노원구,2026-01-06,2811.0,-2.0,2808.0,2.0,0.0
노원구,2026-01-07,2798.0,-7.0,2791.0,7.0,0.0
도봉구,2026-01-01,933.0,1.0,934.0,0.0,1.0
도봉구,2026-01-02,969.0,1.0,970.0,0.0,1.0
도봉구,2026-01-03,657.0,-4.0,652.0,4.0,0.0
도봉구,2026-01-04,597.0,3.0,600.0,0.0,3.0
도봉구,2026-01-05,997.0,4.0,1002.0,0.0,4.0
도봉구,2026-01-06,958.0,-0.0,958.0,0.0,0.0
도봉구,2026-01-07,979.0,-1.0,978.0,1.0,0.0
동대문구,2026-01-01,1646.0,28.0,1675.0,0.0,28.0
동대문구,2026-01-02,1733.0,27.0,1760.0,0.0,27.0
동대문구,2026-01-03,1138.0,20.0,1158.0,0.0,20.0
동대문구,2026-01-04,934.0,21.0,954.0,0.0,21.0
동대문구,2026-01-05,1705.0,33.0,1738.0,0.0,33.0
동대문구,2026-01-06,1785.0,21.0,1806.0,0.0,21.0
동대문구,2026-01-07,1782.0,29.0,1811.0,0.0,29.0
동작구,2026-01-01,694.0,6.0,699.0,0.0,6.0
동작구,2026-01-02,721.0,5.0,726.0,0.0,5.0
동작구,2026-01-03,550.0,10.0,560.0,0.0,10.0
동작구,2026-01-04,489.0,23.0,511.0,0.0,23.0
동작구,2026-01-05,766.0,9.0,775.0,0.0,9.0
동작구,2026-01-06,755.0,1.0,756.0,0.0,1.0
동작구,2026-01-07,777.0,5.0,782.0,0.0,5.0
마포구,2026-01-01,2066.0,55.0,2121.0,0.0,55.0
마포구,2026-01-02,2080.0,51.0,2131.0,0.0,51.0
마포구,2026-01-03,1365.0,26.0,1391.0,0.0,26.0
마포구,2026-01-04,1208.0,19.0,1227.0,0.0,19.0
마포구,2026-01-05,2132.0,40.0,2173.0,0.0,40.0
마포구,2026-01-06,2182.0,55.0,2236.0,0.0,55.0
마포구,2026-01-07,2144.0,56.0,2200.0,0.0,56.0
서대문구,2026-01-01,902.0,-41.0,861.0,41.0,0.0
서대문구,2026-01-02,868.0,-44.0,824.0,44.0,0.0
서대문구,2026-01-03,586.0,-12.0,574.0,12.0,0.0
서대문구,2026-01-04,571.0,-14.0,557.0,14.0,0.0
서대문구,2026-01-05,912.0,-21.0,892.0,21.0,0.0
서대문구,2026-01-06,883.0,-44.0,840.0,44.0,0.0
서대문구,2026-01-07,886.0,-44.0,841.0,44.0,0.0
서초구,2026-01-01,1385.0,2.0,1387.0,0.0,2.0
서초구,2026-01-02,1363.0,4.0,1367.0,0.0,4.0
서초구,2026-01-03,854.0,-4.0,850.0,4.0,0.0
서초구,2026-01-04,776.0,1.0,777.0,0.0,1.0
서초구,2026-01-05,1336.0,-6.0,1331.0,6.0,0.0
서초구,2026-01-06,1365.0,-4.0,1361.0,4.0,0.0
서초구,2026-01-07,1349.0,1.0,1350.0,0.0,1.0
성동구,2026-01-01,1802.0,16.0,1818.0,0.0,16.0
성동구,2026-01-02,1800.0,30.0,1830.0,0.0,30.0
성동구,2026-01-03,1072.0,2.0,1073.0,0.0,2.0
성동구,2026-01-04,945.0,10.0,955.0,0.0,10.0
성동구,2026-01-05,1862.0,10.0,1872.0,0.0,10.0
성동구,2026-01-06,1853.0,75.0,1928.0,0.0,75.0
성동구,2026-01-07,1865.0,22.0,1887.0,0.0,22.0
성북구,2026-01-01,930.0,-3.0,927.0,3.0,0.0
성북구,2026-01-02,958.0,-3.0,955.0,3.0,0.0
성북구,2026-01-03,630.0,-14.0,616.0,14.0,0.0
성북구,2026-01-04,572.0,3.0,575.0,0.0,3.0
성북구,2026-01-05,935.0,2.0,936.0,0.0,2.0
성북구,2026-01-06,910.0,-5.0,905.0,5.0,0.0
성북구,2026-01-07,916.0,2.0,919.0,0.0,2.0
송파구,2026-01-01,3856.0,5.0,3861.0,0.0,5.0
송파구,2026-01-02,3688.0,12.0,3700.0,0.0,12.0
송파구,2026-01-03,2772.0,6.0,2778.0,0.0,6.0
송파구,2026-01-04,2342.0,4.0,2346.0,0.0,4.0
송파구,2026-01-05,3910.0,11.0,3922.0,0.0,11.0
송파구,2026-01-06,3817.0,18.0,3835.0,0.0,18.0
송파구,2026-01-07,3916.0,5.0,3921.0,0.0,5.0
양천구,2026-01-01,3443.0,33.0,3476.0,0.0,33.0
양천구,2026-01-02,3416.0,34.0,3450.0,0.0,34.0
양천구,2026-01-03,2487.0,14.0,2501.0,0.0,14.0
양천구,2026-01-04,1991.0,15.0,2006.0,0.0,15.0
양천구,2026-01-05,3225.0,31.0,3257.0,0.0,31.0
양천구,2026-01-06,3205.0,30.0,3234.0,0.0,30.0
양천구,2026-01-07,3136.0,30.0,3166.0,0.0,30.0
영등포구,2026-01-01,3982.0,-36.0,3945.0,36.0,0.0
영등포구,2026-01-02,3832.0,-37.0,3796.0,37.0,0.0
영등포구,2026-01-03,2807.0,-1.0,2805.0,1.0,0.0
영등포구,2026-01-04,2295.0,3.0,2297.0,0.0,3.0
영등포구,2026-01-05,4304.0,-45.0,4259.0,45.0,0.0
영등포구,2026-01-06,4015.0,-21.0,3994.0,21.0,0.0
영등포구,2026-01-07,4298.0,-28.0,4270.0,28.0,0.0
용산구,2026-01-01,724.0,-1.0,724.0,1.0,0.0
용산구,2026-01-02,769.0,-5.0,764.0,5.0,0.0
용산구,2026-01-03,542.0,-11.0,531.0,11.0,0.0
용산구,2026-01-04,541.0,-10.0,531.0,10.0,0.0
용산구,2026-01-05,780.0,-1.0,779.0,1.0,0.0
용산구,2026-01-06,771.0,-5.0,767.0,5.0,0.0
용산구,2026-01-07,852.0,-5.0,847.0,5.0,0.0
은평구,2026-01-01,979.0,10.0,990.0,0.0,10.0
은평구,2026-01-02,991.0,11.0,1002.0,0.0,11.0
은평구,2026-01-03,745.0,3.0,749.0,0.0,3.0
은평구,2026-01-04,639.0,8.0,647.0,0.0,8.0
은평구,2026-01-05,1072.0,15.0,1087.0,0.0,15.0
은평구,2026-01-06,1029.0,1.0,1030.0,0.0,1.0
은평구,2026-01-07,1064.0,9.0,1073.0,0.0,9.0
종로구,2026-01-01,1643.0,-34.0,1609.0,34.0,0.0
종로구,2026-01-02,1727.0,-39.0,1688.0,39.0,0.0
종로구,2026-01-03,912.0,-7.0,905.0,7.0,0.0
종로구,2026-01-04,747.0,-11.0,736.0,11.0,0.0
종로구,2026-01-05,1765.0,-52.0,1713.0,52.0,0.0
종로구,2026-01-06,1778.0,-35.0,1743.0,35.0,0.0
종로구,2026-01-07,1752.0,-36.0,1715.0,36.0,0.0
중구,2026-01-01,1071.0,3.0,1074.0,0.0,3.0
중구,2026-01-02,1186.0,-6.0,1181.0,6.0,0.0
중구,2026-01-03,627.0,-4.0,623.0,4.0,0.0
중구,2026-01-04,570.0,7.0,577.0,0.0,7.0
중구,2026-01-05,1288.0,-11.0,1277.0,11.0,0.0
중구,2026-01-06,1140.0,21.0,1161.0,0.0,21.0
중구,2026-01-07,1264.0,1.0,1265.0,0.0,1.0
중랑구,2026-01-01,1253.0,13.0,1266.0,0.0,13.0
중랑구,2026-01-02,1277.0,6.0,1284.0,0.0,6.0
중랑구,2026-01-03,848.0,1.0,849.0,0.0,1.0
중랑구,2026-01-04,744.0,-2.0,742.0,2.0,0.0
중랑구,2026-01-05,1286.0,12.0,1298.0,0.0,12.0
중랑구,2026-01-06,1182.0,6.0,1187.0,0.0,6.0
중랑구,2026-01-07,1305.0,11.0,1316.0,0.0,11.0
