month,대여자치구,sum,count,median
1,강남구,600795.9833333333,22906,14.866666666666667
1,강동구,619580.8666666667,30563,10.883333333333333
1,강북구,279811.06666666665,12458,13.216666666666667
1,강서구,1285220.2,85125,8.883333333333333
1,관악구,491027.2,23696,11.983333333333333
1,광진구,675610.8833333333,35481,10.483333333333333
1,구로구,590919.5666666667,28185,11.933333333333334
1,금천구,247243.86666666667,13504,9.716666666666667
1,노원구,794868.25,40116,12.216666666666667
1,도봉구,302646.15,13691,13.333333333333334
1,동대문구,640041.75,31073,11.85
1,동작구,320414.48333333334,14199,12.3
1,마포구,999554.9,42366,12.7
1,서대문구,409235.68333333335,18975,12.733333333333333
1,서초구,579521.05,23390,12.833333333333334
1,성동구,681136.6,29025,13.316666666666666
1,성북구,428729.01666666666,19432,13.05
1,송파구,1312903.7666666666,64036,11.716666666666667
1,양천구,911408.7666666667,46998,10.966666666666667
1,영등포구,1280427.2166666666,60790,10.833333333333334
1,용산구,367560.95,15142,13.35
1,은평구,424929.2833333333,21570,10.883333333333333
1,종로구,676039.0666666667,34101,11.066666666666666
1,중구,457222.4,21393,12.383333333333333
1,중랑구,403984.38333333336,20628,11.25
2,강남구,642922.05,23300,16.283333333333335
2,강동구,618639.0333333333,29239,11.066666666666666
2,강북구,285616.6,11979,13.583333333333334
2,강서구,1242721.6333333333,77758,9.183333333333334
2,관악구,505138.73333333334,22609,12.6
2,광진구,705441.1166666667,35071,10.866666666666667
2,구로구,602883.8666666667,27016,12.85
2,금천구,266029.5,12830,10.691666666666666
2,노원구,812092.9166666666,39653,12.5
2,도봉구,310795.65,13415,14.033333333333333
2,동대문구,600394.2,28346,12.433333333333334
2,동작구,352501.8333333333,14236,13.541666666666668
2,마포구,1000455.15,40313,13.55
2,서대문구,413986.38333333336,18304,13.116666666666667
2,서초구,617775.1333333333,23611,13.6
2,성동구,696188.6,28171,14.333333333333334
2,성북구,412327.38333333336,18230,13.833333333333334
2,송파구,1361975.8333333333,62743,12.433333333333334
2,양천구,844139.8833333333,42384,11.483333333333333
2,영등포구,1306542.8833333333,59089,11.583333333333334
2,용산구,389047.61666666664,15326,14.325
2,은평구,442108.75,20827,11.616666666666667
2,종로구,667806.7833333333,32509,11.433333333333334
2,중구,443555.3333333333,20460,12.633333333333333
2,중랑구,422633.26666666666,20503,11.583333333333334
3,강남구,1259338.6166666667,42665,19.066666666666666
3,강동구,1156318.4666666666,51288,12.533333333333333
3,강북구,520554.01666666666,20681,15.4
3,강서구,2338416.283333333,133007,10.133333333333333
3,관악구,938377.2833333333,38032,14.183333333333334
3,광진구,1408483.1166666667,63602,12.216666666666667
3,구로구,1163288.25,47661,14.716666666666667
3,금천구,485872.1666666667,21615,12.133333333333333
3,노원구,1606347.0166666666,73060,13.733333333333333
3,도봉구,624061.45,25456,15.416666666666666
3,동대문구,1237092.5333333334,52906,14.216666666666667
3,동작구,749055.5833333334,26481,16.783333333333335
3,마포구,2185089.816666667,79259,16.5
3,서대문구,833670.5,33087,14.816666666666666
3,서초구,1255772.6166666667,42775,16.733333333333334
3,성동구,1520098.9666666666,54782,17.8
3,성북구,877361.8,36957,15.033333333333333
3,송파구,2643217.283333333,112806,13.933333333333334
3,양천구,1490305.7333333334,70314,12.516666666666667
3,영등포구,2732106.316666667,106760,14.383333333333333
3,용산구,847419.0833333334,29891,17.866666666666667
3,은평구,846013.95,36005,13.15
3,종로구,1215971.4,56740,12.583333333333334
3,중구,814190.9,35787,14.116666666666667
3,중랑구,798786.1166666667,35991,12.883333333333333
4,강남구,2245996.55,70522,21.9
4,강동구,2047586.9833333334,86635,13.25
4,강북구,876603.1166666667,33298,16.116666666666667
4,강서구,3882216.5166666666,210596,10.516666666666667
4,관악구,1666361.4833333334,63516,15.55
4,광진구,2629488.7666666666,109290,13.483333333333333
4,구로구,2060853.5333333334,79535,15.95
4,금천구,904888.75,35058,14.133333333333333
4,노원구,2720841.9166666665,120821,14.0
4,도봉구,1036198.65,41341,16.033333333333335
4,동대문구,2051447.9166666667,83391,14.916666666666666
4,동작구,1411533.1,47871,17.866666666666667
4,마포구,3965442.816666667,133936,18.833333333333332
4,서대문구,1391826.4833333334,52741,15.95
4,서초구,2477169.8,75611,20.083333333333332
4,성동구,2829418.933333333,93611,20.366666666666667
4,성북구,1426608.8,58677,15.45
4,송파구,5111844.75,200709,15.533333333333333
4,양천구,2482025.2333333334,112572,12.933333333333334
4,영등포구,5438415.35,187868,17.766666666666666
4,용산구,1637644.1333333333,52633,20.583333333333332
4,은평구,1497583.0,60667,13.916666666666666
4,종로구,1920820.75,87299,13.366666666666667
4,중구,1327104.7833333334,55803,15.15
4,중랑구,1398180.3,59788,14.066666666666666
5,강남구,2691494.8666666667,85791,21.3
5,강동구,2552096.2,114049,12.816666666666666
5,강북구,1102695.1333333333,43405,15.5
5,강서구,5257950.0,289211,10.55
5,관악구,2053677.45,81148,14.866666666666667
5,광진구,3301737.066666667,137206,13.716666666666667
5,구로구,2559037.1666666665,104362,15.216666666666667
5,금천구,1108188.4833333334,46199,13.2
5,노원구,3538155.0,160184,13.816666666666666
5,도봉구,1320307.0,54069,15.216666666666667
5,동대문구,2548462.9,105864,14.633333333333333
5,동작구,1749933.95,62126,17.066666666666666
5,마포구,4855548.983333333,167307,18.366666666666667
5,서대문구,1684806.6666666667,63854,15.933333333333334
5,서초구,2871828.9,90303,19.4
5,성동구,3311085.933333333,113595,19.283333333333335
5,성북구,1759522.85,73901,15.1
5,송파구,6287881.9,258618,14.7
5,양천구,3177843.033333333,151896,12.616666666666667
5,영등포구,6149624.933333334,226147,16.166666666666668
5,용산구,2062883.2,66998,20.55
5,은평구,1750960.5833333333,75268,12.966666666666667
5,종로구,2315888.183333333,102622,13.8
5,중구,1615935.0833333333,66892,15.516666666666667
5,중랑구,1843465.3333333333,81235,13.416666666666666
6,강남구,2170667.8333333335,72774,19.566666666666666
6,강동구,2260302.5833333335,106316,12.016666666666667
6,강북구,865058.95,36492,14.333333333333334
6,강서구,4746290.616666666,272655,10.166666666666666
6,관악구,1713418.3333333333,70580,13.991666666666667
6,광진구,2602871.8666666667,117184,12.516666666666667
6,구로구,2177089.55,94610,13.85
6,금천구,915612.8166666667,41321,12.216666666666667
6,노원구,2936827.8333333335,138583,13.183333333333334
6,도봉구,1154953.2166666666,49074,14.5
6,동대문구,2011368.3666666667,88784,13.666666666666666
6,동작구,1414272.0333333334,53879,15.35
6,마포구,3851898.4166666665,138684,16.983333333333334
6,서대문구,1363128.95,54162,15.066666666666666
6,서초구,2229261.783333333,74961,17.266666666666666
6,성동구,2611013.3333333335,94881,17.233333333333334
6,성북구,1450217.4166666667,63460,14.183333333333334
6,송파구,5130605.4,222360,13.7
6,양천구,2912554.8333333335,147146,11.716666666666667
6,영등포구,4954284.3,196773,14.233333333333333
6,용산구,1635651.6166666667,56147,18.566666666666666
6,은평구,1475659.2833333334,66474,12.383333333333333
6,종로구,1913977.0833333333,85541,13.616666666666667
6,중구,1370529.7166666666,57935,14.75
6,중랑구,1499725.9666666666,69875,12.583333333333334
7,강남구,1956177.2666666666,68921,17.216666666666665
7,강동구,2119007.433333333,103298,11.2
7,강북구,801014.4666666667,34946,13.466666666666667
7,강서구,4512720.1,272814,9.533333333333333
7,관악구,1624000.8333333333,68995,13.066666666666666
7,광진구,2336617.9833333334,108773,11.816666666666666
7,구로구,2007176.6333333333,92094,12.433333333333334
7,금천구,851118.15,41366,10.816666666666666
7,노원구,2801917.85,137313,12.266666666666667
7,도봉구,1096924.15,47550,13.883333333333333
7,동대문구,1868522.8166666667,84638,12.833333333333334
7,동작구,1293592.8666666667,52561,13.466666666666667
7,마포구,3417426.816666667,130007,15.016666666666667
7,서대문구,1284969.5666666667,52036,14.2
7,서초구,2008548.4,72888,14.783333333333333
7,성동구,2360048.8333333335,91298,15.033333333333333
7,성북구,1296138.2666666666,58722,13.3
7,송파구,4594161.983333333,209476,12.65
7,양천구,2827716.5,149569,10.883333333333333
7,영등포구,4573461.15,194038,12.583333333333334
7,용산구,1418633.4666666666,52438,16.116666666666667
7,은평구,1393356.1333333333,65138,11.533333333333333
7,종로구,1924771.05,88544,12.666666666666666
7,중구,1344847.25,59281,13.75
7,중랑구,1364913.6,67354,11.733333333333333
8,강남구,1807894.9,63259,17.516666666666666
8,강동구,1959619.1,92207,11.65
8,강북구,700549.5333333333,30316,13.675
8,강서구,3948837.35,235902,9.666666666666666
8,관악구,1250854.3666666667,55153,12.483333333333333
8,광진구,2221396.95,99294,12.2
8,구로구,1723997.2,78128,12.333333333333334
8,금천구,746167.2,35324,11.066666666666666
8,노원구,2579868.6166666667,121834,12.6
8,도봉구,1006642.65,43184,14.016666666666667
8,동대문구,1718856.55,74962,13.266666666666667
8,동작구,1192351.25,47944,13.733333333333333
8,마포구,3165517.7333333334,117305,15.716666666666667
8,서대문구,1206298.7666666666,46349,14.883333333333333
8,서초구,1919665.55,68009,15.216666666666667
8,성동구,2219425.2,82631,15.916666666666666
8,성북구,1179359.0333333334,51897,13.816666666666666
8,송파구,4326150.916666667,188900,13.316666666666666
8,양천구,2450012.6666666665,128682,11.0
8,영등포구,4230346.0,175066,12.866666666666667
8,용산구,1325881.2166666666,47507,16.9
8,은평구,1282762.1166666667,58141,12.05
8,종로구,1832040.0,81688,13.216666666666667
8,중구,1217790.85,52642,13.983333333333333
8,중랑구,1245879.1666666667,59494,12.05
9,강남구,2555953.2,85551,18.983333333333334
9,강동구,2629047.683333333,122335,12.1
9,강북구,920612.2166666667,38546,14.566666666666666
9,강서구,5300301.666666667,309090,10.0
9,관악구,1691941.4166666667,71332,13.333333333333334
9,광진구,3175455.6666666665,137380,12.666666666666666
9,구로구,2438605.933333333,106592,13.233333333333333
9,금천구,1026412.5833333334,46664,11.833333333333334
9,노원구,3442521.0166666666,161099,13.2
9,도봉구,1338493.4,56615,14.35
9,동대문구,2318776.95,100226,13.8
9,동작구,1674468.05,63874,14.8
9,마포구,4420144.3,154788,17.616666666666667
9,서대문구,1574359.8333333333,60009,15.616666666666667
9,서초구,2738436.6333333333,93195,16.216666666666665
9,성동구,3222242.316666667,113513,17.716666666666665
9,성북구,1627325.75,70937,14.016666666666667
9,송파구,6078372.433333334,254340,14.216666666666667
9,양천구,3235917.9,165531,11.416666666666666
9,영등포구,5964628.866666666,235107,14.083333333333334
9,용산구,1814593.4333333333,61619,18.266666666666666
9,은평구,1743571.6166666667,76495,12.566666666666666
9,종로구,2274513.4,101019,13.583333333333334
9,중구,1600002.0166666666,66956,14.766666666666667
9,중랑구,1704049.4833333334,79832,12.45
10,강남구,2230908.7,78523,17.75
10,강동구,2417572.8666666667,117223,11.566666666666666
10,강북구,845659.95,36917,13.766666666666667
10,강서구,5042082.583333333,312110,9.416666666666666
10,관악구,1522046.25,68052,12.766666666666667
10,광진구,2673439.5166666666,124566,11.783333333333333
10,구로구,2272154.6166666667,106415,12.65
10,금천구,965516.8,47782,10.9
10,노원구,3103087.783333333,152916,12.6
10,도봉구,1169201.6333333333,53221,13.333333333333334
10,동대문구,2091466.25,93600,13.266666666666667
10,동작구,1435507.8833333333,59739,13.483333333333333
10,마포구,3851318.2666666666,145871,15.583333333333334
10,서대문구,1350668.95,56336,14.3
10,서초구,2293737.1166666667,82613,14.883333333333333
10,성동구,2806351.683333333,105250,15.883333333333333
10,성북구,1439831.4333333333,65541,13.5
10,송파구,5565324.133333334,246432,13.333333333333334
10,양천구,3089914.35,162077,11.1
10,영등포구,5237331.516666667,223917,12.833333333333334
10,용산구,1615534.7333333334,58523,16.816666666666666
10,은평구,1512598.8833333333,71982,11.683333333333334
10,종로구,2150451.566666667,97301,13.116666666666667
10,중구,1494927.8666666667,63973,14.333333333333334
10,중랑구,1518804.0333333334,75135,11.766666666666667
11,강남구,1802578.2166666666,71152,15.35
11,강동구,2005675.7333333334,105106,10.833333333333334
11,강북구,658345.6333333333,30239,12.983333333333333
11,강서구,4071700.6666666665,274210,8.833333333333334
11,관악구,1215492.35,60025,11.7
11,광진구,2098589.066666667,109515,10.516666666666667
11,구로구,1845943.3166666667,93660,11.683333333333334
11,금천구,777722.3833333333,43170,10.133333333333333
11,노원구,2498000.3333333335,130449,11.7
11,도봉구,891801.9666666667,43446,12.466666666666667
11,동대문구,1720201.4166666667,81883,12.433333333333334
11,동작구,1045635.3833333333,49184,12.2
11,마포구,2751461.9,119812,12.9
11,서대문구,1063861.6166666667,49252,13.1
11,서초구,1729060.5833333333,70770,12.9
11,성동구,2123030.8666666667,90636,13.233333333333333
11,성북구,1147192.5833333333,55221,12.65
11,송파구,4382684.966666667,213829,12.0
11,양천구,2531641.0833333335,142660,10.516666666666667
11,영등포구,4002492.85,194993,11.233333333333333
11,용산구,1075891.95,45424,13.583333333333334
11,은평구,1183855.0666666667,60709,10.983333333333333
11,종로구,1883747.3666666667,91833,11.833333333333334
11,중구,1310019.9833333334,60990,13.05
11,중랑구,1218567.4,64847,11.033333333333333
12,강남구,681838.0333333333,30319,12.583333333333334
12,강동구,847912.0666666667,47244,9.883333333333333
12,강북구,280338.18333333335,13553,12.25
12,강서구,1851503.0666666667,137452,8.066666666666666
12,관악구,487518.1,26928,10.366666666666667
12,광진구,855901.1333333333,49304,9.483333333333333
12,구로구,759476.6166666667,42644,10.266666666666667
12,금천구,317259.13333333336,19977,9.133333333333333
12,노원구,1044246.6833333333,58568,10.833333333333334
12,도봉구,369338.0833333333,19372,11.391666666666666
12,동대문구,746978.3666666667,39052,10.883333333333333
12,동작구,390490.93333333335,21079,10.583333333333334
12,마포구,1045544.8333333334,52464,10.45
12,서대문구,431768.45,22522,11.583333333333334
12,서초구,621844.7833333333,29835,10.566666666666666
12,성동구,820119.9333333333,41434,10.4
12,성북구,464810.2166666667,24351,11.283333333333333
12,송파구,1782424.75,95476,10.55
12,양천구,1206310.45,72544,9.666666666666666
12,영등포구,1602413.5166666666,89902,9.7
12,용산구,397445.48333333334,19426,10.916666666666666
12,은평구,498639.75,28455,9.933333333333334
12,종로구,832404.3833333333,42512,10.716666666666667
12,중구,577069.2166666667,28524,11.716666666666667
12,중랑구,491079.11666666664,28780,9.933333333333334
