month,대여자치구,반납 자치구,cnt
1,강남구,강남구,16523
1,강남구,강동구,194
1,강남구,강북구,4
1,강남구,강서구,5
1,강남구,관악구,15
1,강남구,광진구,225
1,강남구,구로구,5
1,강남구,노원구,11
1,강남구,도봉구,1
1,강남구,동대문구,82
1,강남구,동작구,82
1,강남구,마포구,33
1,강남구,서대문구,3
1,강남구,서초구,2647
1,강남구,성동구,300
1,강남구,성북구,15
1,강남구,송파구,2518
1,강남구,양천구,5
1,강남구,영등포구,68
1,강남구,용산구,118
1,강남구,은평구,4
1,강남구,종로구,8
1,강남구,중구,30
1,강남구,중랑구,27
1,강동구,강남구,128
1,강동구,강동구,26367
1,강동구,강서구,1
1,강동구,광진구,284
1,강동구,도봉구,4
1,강동구,동대문구,10
1,강동구,동작구,6
1,강동구,마포구,1
1,강동구,서초구,34
1,강동구,성동구,28
1,강동구,성북구,4
1,강동구,송파구,3683
1,강동구,양천구,1
1,강동구,영등포구,13
1,강동구,용산구,4
1,강동구,종로구,1
1,강동구,중구,2
1,강동구,중랑구,9
1,강북구,강남구,1
1,강북구,강북구,8792
1,강북구,광진구,27
1,강북구,노원구,705
1,강북구,도봉구,1635
1,강북구,동대문구,133
1,강북구,동작구,1
1,강북구,성동구,57
1,강북구,성북구,984
1,강북구,용산구,3
1,강북구,종로구,19
1,강북구,중구,35
1,강북구,중랑구,69
1,강서구,강남구,11
1,강서구,강동구,2
1,강서구,강서구,79871
1,강서구,관악구,56
1,강서구,구로구,206
1,강서구,금천구,57
1,강서구,노원구,1
1,강서구,동작구,56
1,강서구,마포구,295
1,강서구,서대문구,29
1,강서구,서초구,40
1,강서구,성동구,2
1,강서구,성북구,1
1,강서구,송파구,3
1,강서구,양천구,3766
1,강서구,영등포구,697
1,강서구,용산구,23
1,강서구,은평구,41
1,강서구,종로구,4
1,관악구,강남구,12
1,관악구,강서구,50
1,관악구,관악구,18652
1,관악구,구로구,1803
1,관악구,금천구,448
1,관악구,동작구,1324
1,관악구,마포구,27
1,관악구,서대문구,6
1,관악구,서초구,304
1,관악구,성동구,1
1,관악구,성북구,1
1,관악구,송파구,1
1,관악구,양천구,108
1,관악구,영등포구,899
1,관악구,용산구,59
1,관악구,은평구,6
1,관악구,종로구,1
1,관악구,중구,1
1,광진구,강남구,188
1,광진구,강동구,321
1,광진구,강북구,4
1,광진구,강서구,1
1,광진구,관악구,3
1,광진구,광진구,27186
1,광진구,노원구,98
1,광진구,도봉구,12
1,광진구,동대문구,975
1,광진구,동작구,11
1,광진구,마포구,6
1,광진구,서대문구,1
1,광진구,서초구,90
1,광진구,성동구,5130
1,광진구,성북구,65
1,광진구,송파구,777
1,광진구,양천구,2
1,광진구,영등포구,13
1,광진구,용산구,83
1,광진구,은평구,2
1,광진구,종로구,39
1,광진구,중구,46
1,광진구,중랑구,436
1,구로구,강남구,9
1,구로구,강동구,1
1,구로구,강서구,214
1,구로구,관악구,1650
1,구로구,광진구,1
1,구로구,구로구,18123
1,구로구,금천구,1950
1,구로구,도봉구,1
1,구로구,동작구,292
1,구로구,마포구,47
1,구로구,서대문구,10
1,구로구,서초구,7
1,구로구,성동구,1
1,구로구,송파구,2
1,구로구,양천구,2255
1,구로구,영등포구,3589
1,구로구,용산구,11
1,구로구,은평구,27
1,구로구,종로구,4
1,구로구,중구,2
1,금천구,강서구,52
1,금천구,관악구,461
1,금천구,구로구,1812
1,금천구,금천구,10440
1,금천구,동작구,98
1,금천구,마포구,22
1,금천구,서초구,4
1,금천구,성동구,1
1,금천구,양천구,357
1,금천구,영등포구,248
1,금천구,용산구,10
1,금천구,은평구,5
1,금천구,중랑구,1
1,노원구,강남구,7
1,노원구,강동구,2
1,노원구,강북구,675
1,노원구,강서구,1
1,노원구,광진구,97
1,노원구,노원구,32940
1,노원구,도봉구,2914
1,노원구,동대문구,356
1,노원구,마포구,1
1,노원구,서초구,8
1,노원구,성동구,148
1,노원구,성북구,1026
1,노원구,송파구,5
1,노원구,용산구,4
1,노원구,종로구,13
1,노원구,중구,2
1,노원구,중랑구,1930
1,도봉구,강남구,1
1,도봉구,강동구,3
1,도봉구,강북구,1616
1,도봉구,광진구,25
1,도봉구,노원구,2842
1,도봉구,도봉구,8747
1,도봉구,동대문구,87
1,도봉구,동작구,1
1,도봉구,성동구,28
1,도봉구,성북구,244
1,도봉구,송파구,1
1,도봉구,용산구,4
1,도봉구,은평구,2
1,도봉구,종로구,5
1,도봉구,중구,2
1,도봉구,중랑구,88
1,동대문구,강남구,65
1,동대문구,강동구,16
1,동대문구,강북구,109
1,동대문구,광진구,874
1,동대문구,노원구,440
1,동대문구,도봉구,85
1,동대문구,동대문구,20461
1,동대문구,동작구,4
1,동대문구,마포구,18
1,동대문구,서대문구,6
1,동대문구,서초구,19
1,동대문구,성동구,3215
1,동대문구,성북구,2458
1,동대문구,송파구,23
1,동대문구,영등포구,9
1,동대문구,용산구,45
1,동대문구,종로구,883
1,동대문구,중구,791
1,동대문구,중랑구,1560
1,동작구,강남구,80
1,동작구,강동구,12
1,동작구,강서구,33
1,동작구,관악구,1210
1,동작구,광진구,21
1,동작구,구로구,304
1,동작구,금천구,69
1,동작구,노원구,5
1,동작구,도봉구,1
1,동작구,동대문구,12
1,동작구,동작구,8165
1,동작구,마포구,128
1,동작구,서대문구,12
1,동작구,서초구,1387
1,동작구,성동구,46
1,동작구,성북구,5
1,동작구,송파구,32
1,동작구,양천구,62
1,동작구,영등포구,1916
1,동작구,용산구,657
1,동작구,은평구,6
1,동작구,종로구,6
1,동작구,중구,37
1,동작구,중랑구,1
1,마포구,강남구,49
1,마포구,강동구,3
1,마포구,강서구,323
1,마포구,관악구,18
1,마포구,광진구,12
1,마포구,구로구,57
1,마포구,금천구,13
1,마포구,노원구,4
1,마포구,동대문구,18
1,마포구,동작구,142
1,마포구,마포구,32711
1,마포구,서대문구,4774
1,마포구,서초구,124
1,마포구,성동구,122
1,마포구,성북구,9
1,마포구,송파구,14
1,마포구,양천구,151
1,마포구,영등포구,1098
1,마포구,용산구,692
1,마포구,은평구,1685
1,마포구,종로구,138
1,마포구,중구,220
1,마포구,중랑구,4
1,서대문구,강남구,5
1,서대문구,강서구,45
1,서대문구,관악구,3
1,서대문구,광진구,6
1,서대문구,구로구,11
1,서대문구,금천구,1
1,서대문구,동대문구,7
1,서대문구,동작구,30
1,서대문구,마포구,5888
1,서대문구,서대문구,9841
1,서대문구,서초구,10
1,서대문구,성동구,20
1,서대문구,성북구,8
1,서대문구,송파구,2
1,서대문구,양천구,43
1,서대문구,영등포구,176
1,서대문구,용산구,165
1,서대문구,은평구,1503
1,서대문구,종로구,517
1,서대문구,중구,710
1,서초구,강남구,2512
1,서초구,강동구,66
1,서초구,강북구,7
1,서초구,강서구,13
1,서초구,관악구,307
1,서초구,광진구,117
1,서초구,구로구,20
1,서초구,금천구,4
1,서초구,노원구,10
1,서초구,동대문구,23
1,서초구,동작구,1228
1,서초구,마포구,123
1,서초구,서대문구,13
1,서초구,서초구,17824
1,서초구,성동구,132
1,서초구,성북구,22
1,서초구,송파구,278
1,서초구,양천구,13
1,서초구,영등포구,297
1,서초구,용산구,356
1,서초구,은평구,6
1,서초구,종로구,5
1,서초구,중구,31
1,서초구,중랑구,6
1,성동구,강남구,237
1,성동구,강동구,53
1,성동구,강북구,50
1,성동구,강서구,7
1,성동구,관악구,6
1,성동구,광진구,4697
1,성동구,구로구,2
1,성동구,노원구,162
1,성동구,도봉구,35
1,성동구,동대문구,3178
1,성동구,동작구,42
1,성동구,마포구,121
1,성동구,서대문구,27
1,성동구,서초구,141
1,성동구,성동구,16966
1,성동구,성북구,591
1,성동구,송파구,158
1,성동구,양천구,1
1,성동구,영등포구,65
1,성동구,용산구,349
1,성동구,은평구,1
1,성동구,종로구,801
1,성동구,중구,943
1,성동구,중랑구,404
1,성북구,강남구,9
1,성북구,강동구,4
1,성북구,강북구,859
1,성북구,광진구,95
1,성북구,구로구,1
1,성북구,노원구,1129
1,성북구,도봉구,201
1,성북구,동대문구,2460
1,성북구,동작구,15
1,성북구,마포구,10
1,성북구,서대문구,14
1,성북구,서초구,22
1,성북구,성동구,628
1,성북구,성북구,11212
1,성북구,송파구,15
1,성북구,영등포구,13
1,성북구,용산구,31
1,성북구,은평구,2
1,성북구,종로구,1888
1,성북구,중구,563
1,성북구,중랑구,267
1,송파구,강남구,2168
1,송파구,강동구,3759
1,송파구,강북구,1
1,송파구,강서구,2
1,송파구,관악구,1
1,송파구,광진구,707
1,송파구,노원구,10
1,송파구,동대문구,19
1,송파구,동작구,16
1,송파구,마포구,16
1,송파구,서대문구,2
1,송파구,서초구,216
1,송파구,성동구,165
1,송파구,성북구,21
1,송파구,송파구,56845
1,송파구,영등포구,29
1,송파구,용산구,53
1,송파구,은평구,3
1,송파구,종로구,11
1,송파구,중구,3
1,송파구,중랑구,26
1,양천구,강남구,4
1,양천구,강동구,1
1,양천구,강서구,3624
1,양천구,관악구,128
1,양천구,구로구,2245
1,양천구,금천구,326
1,양천구,동대문구,1
1,양천구,동작구,64
1,양천구,마포구,112
1,양천구,서대문구,22
1,양천구,서초구,9
1,양천구,성동구,2
1,양천구,송파구,1
1,양천구,양천구,38240
1,양천구,영등포구,2224
1,양천구,용산구,9
1,양천구,은평구,1
1,양천구,중구,3
1,영등포구,강남구,68
1,영등포구,강동구,15
1,영등포구,강서구,728
1,영등포구,관악구,828
1,영등포구,광진구,10
1,영등포구,구로구,3619
1,영등포구,금천구,188
1,영등포구,노원구,4
1,영등포구,동대문구,31
1,영등포구,동작구,1928
1,영등포구,마포구,1302
1,영등포구,서대문구,158
1,영등포구,서초구,343
1,영등포구,성동구,78
1,영등포구,성북구,10
1,영등포구,송파구,52
1,영등포구,양천구,2227
1,영등포구,영등포구,48789
1,영등포구,용산구,346
1,영등포구,은평구,27
1,영등포구,종로구,17
1,영등포구,중구,41
1,영등포구,중랑구,1
1,용산구,강남구,117
1,용산구,강동구,4
1,용산구,강서구,14
1,용산구,관악구,14
1,용산구,광진구,127
1,용산구,구로구,15
1,용산구,금천구,7
1,용산구,노원구,4
1,용산구,도봉구,2
1,용산구,동대문구,65
1,용산구,동작구,717
1,용산구,마포구,812
1,용산구,서대문구,123
1,용산구,서초구,410
1,용산구,성동구,370
1,용산구,성북구,20
1,용산구,송파구,38
1,용산구,양천구,13
1,용산구,영등포구,299
1,용산구,용산구,11076
1,용산구,은평구,23
1,용산구,종로구,204
1,용산구,중구,661
1,용산구,중랑구,20
1,은평구,강남구,4
1,은평구,강서구,30
1,은평구,관악구,2
1,은평구,광진구,1
1,은평구,구로구,17
1,은평구,금천구,2
1,은평구,도봉구,4
1,은평구,동작구,4
1,은평구,마포구,1714
1,은평구,서대문구,1478
1,은평구,서초구,4
1,은평구,성동구,18
1,은평구,성북구,4
1,은평구,송파구,1
1,은평구,양천구,3
1,은평구,영등포구,31
1,은평구,용산구,26
1,은평구,은평구,18064
1,은평구,종로구,108
1,은평구,중구,57
1,종로구,강남구,9
1,종로구,강북구,36
1,종로구,강서구,5
1,종로구,관악구,3
1,종로구,광진구,26
1,종로구,구로구,8
1,종로구,금천구,1
1,종로구,노원구,28
1,종로구,도봉구,5
1,종로구,동대문구,1035
1,종로구,동작구,13
1,종로구,마포구,205
1,종로구,서대문구,702
1,종로구,서초구,17
1,종로구,성동구,804
1,종로구,성북구,1735
1,종로구,송파구,15
1,종로구,양천구,15
1,종로구,영등포구,40
1,종로구,용산구,248
1,종로구,은평구,209
1,종로구,종로구,22341
1,종로구,중구,6579
1,종로구,중랑구,37
1,중구,강남구,22
1,중구,강동구,4
1,중구,강북구,54
1,중구,강서구,5
1,중구,관악구,7
1,중구,광진구,96
1,중구,구로구,3
1,중구,노원구,11
1,중구,도봉구,11
1,중구,동대문구,940
1,중구,동작구,42
1,중구,마포구,288
1,중구,서대문구,633
1,중구,서초구,30
1,중구,성동구,1117
1,중구,성북구,609
1,중구,송파구,11
1,중구,양천구,12
1,중구,영등포구,58
1,중구,용산구,823
1,중구,은평구,48
1,중구,종로구,6504
1,중구,중구,10045
1,중구,중랑구,32
1,중랑구,강남구,37
1,중랑구,강동구,25
1,중랑구,강북구,56
1,중랑구,강서구,1
1,중랑구,광진구,514
1,중랑구,노원구,1831
1,중랑구,도봉구,54
1,중랑구,동대문구,1537
1,중랑구,동작구,1
1,중랑구,마포구,6
1,중랑구,서초구,2
1,중랑구,성동구,348
1,중랑구,성북구,189
1,중랑구,송파구,20
1,중랑구,용산구,14
1,중랑구,종로구,22
1,중랑구,중구,8
1,중랑구,중랑구,15964
2,강남구,강남구,16397
2,강남구,강동구,219
2,강남구,강북구,1
2,강남구,강서구,6
2,강남구,관악구,10
2,강남구,광진구,340
2,강남구,구로구,3
2,강남구,노원구,27
2,강남구,도봉구,1
2,강남구,동대문구,69
2,강남구,동작구,98
2,강남구,마포구,37
2,강남구,서대문구,1
2,강남구,서초구,2825
2,강남구,성동구,373
2,강남구,성북구,10
2,강남구,송파구,2605
2,강남구,양천구,3
2,강남구,영등포구,77
2,강남구,용산구,145
2,강남구,은평구,1
2,강남구,종로구,1
2,강남구,중구,23
2,강남구,중랑구,35
2,강동구,강남구,171
2,강동구,강동구,25005
2,강동구,강북구,4
2,강동구,광진구,327
2,강동구,노원구,1
2,강동구,동대문구,10
2,강동구,동작구,3
2,강동구,마포구,2
2,강동구,서초구,28
2,강동구,성동구,22
2,강동구,성북구,3
2,강동구,송파구,3654
2,강동구,영등포구,10
2,강동구,용산구,3
2,강동구,종로구,2
2,강동구,중구,2
2,강동구,중랑구,6
2,강북구,강북구,8455
2,강북구,광진구,36
2,강북구,노원구,717
2,강북구,도봉구,1493
2,강북구,동대문구,141
2,강북구,서초구,1
2,강북구,성동구,81
2,강북구,성북구,912
2,강북구,용산구,4
2,강북구,종로구,22
2,강북구,중구,42
2,강북구,중랑구,76
2,강서구,강남구,7
2,강서구,강동구,2
2,강서구,강서구,72422
2,강서구,관악구,53
2,강서구,광진구,1
2,강서구,구로구,189
2,강서구,금천구,65
2,강서구,도봉구,1
2,강서구,동작구,35
2,강서구,마포구,332
2,강서구,서대문구,37
2,강서구,서초구,44
2,강서구,성동구,3
2,강서구,성북구,1
2,강서구,송파구,5
2,강서구,양천구,3629
2,강서구,영등포구,870
2,강서구,용산구,44
2,강서구,은평구,37
2,강서구,종로구,4
2,강서구,중구,7
2,관악구,강남구,15
2,관악구,강동구,1
2,관악구,강서구,43
2,관악구,관악구,17691
2,관악구,광진구,2
2,관악구,구로구,1734
2,관악구,금천구,468
2,관악구,동작구,1261
2,관악구,마포구,22
2,관악구,서대문구,6
2,관악구,서초구,297
2,관악구,성동구,5
2,관악구,송파구,2
2,관악구,양천구,155
2,관악구,영등포구,856
2,관악구,용산구,53
2,관악구,은평구,5
2,관악구,종로구,1
2,관악구,중구,3
2,광진구,강남구,257
2,광진구,강동구,387
2,광진구,강북구,9
2,광진구,광진구,26925
2,광진구,노원구,96
2,광진구,도봉구,11
2,광진구,동대문구,937
2,광진구,동작구,14
2,광진구,마포구,35
2,광진구,서대문구,7
2,광진구,서초구,86
2,광진구,성동구,4859
2,광진구,성북구,63
2,광진구,송파구,775
2,광진구,영등포구,13
2,광진구,용산구,77
2,광진구,종로구,37
2,광진구,중구,42
2,광진구,중랑구,445
2,구로구,강남구,2
2,구로구,강서구,218
2,구로구,관악구,1605
2,구로구,구로구,17589
2,구로구,금천구,1832
2,구로구,동작구,303
2,구로구,마포구,76
2,구로구,서대문구,7
2,구로구,서초구,15
2,구로구,성동구,5
2,구로구,성북구,1
2,구로구,송파구,1
2,구로구,양천구,2031
2,구로구,영등포구,3307
2,구로구,용산구,7
2,구로구,은평구,18
2,구로구,종로구,6
2,구로구,중구,2
2,구로구,중랑구,1
2,금천구,강서구,79
2,금천구,관악구,465
2,금천구,구로구,1645
2,금천구,금천구,9852
2,금천구,동작구,81
2,금천구,마포구,17
2,금천구,서초구,7
2,금천구,성동구,1
2,금천구,양천구,343
2,금천구,영등포구,325
2,금천구,용산구,12
2,금천구,은평구,4
2,노원구,강남구,13
2,노원구,강동구,4
2,노원구,강북구,695
2,노원구,광진구,118
2,노원구,노원구,32621
2,노원구,도봉구,2791
2,노원구,동대문구,340
2,노원구,마포구,3
2,노원구,서초구,6
2,노원구,성동구,191
2,노원구,성북구,1000
2,노원구,송파구,4
2,노원구,용산구,9
2,노원구,종로구,11
2,노원구,중구,7
2,노원구,중랑구,1853
2,도봉구,강동구,2
2,도봉구,강북구,1443
2,도봉구,광진구,26
2,도봉구,노원구,2644
2,도봉구,도봉구,8857
2,도봉구,동대문구,112
2,도봉구,마포구,1
2,도봉구,성동구,31
2,도봉구,성북구,238
2,도봉구,용산구,1
2,도봉구,종로구,1
2,도봉구,중구,1
2,도봉구,중랑구,61
2,동대문구,강남구,48
2,동대문구,강동구,12
2,동대문구,강북구,130
2,동대문구,광진구,931
2,동대문구,노원구,369
2,동대문구,도봉구,73
2,동대문구,동대문구,18353
2,동대문구,동작구,4
2,동대문구,마포구,21
2,동대문구,서대문구,11
2,동대문구,서초구,29
2,동대문구,성동구,2919
2,동대문구,성북구,2289
2,동대문구,송파구,12
2,동대문구,영등포구,14
2,동대문구,용산구,49
2,동대문구,종로구,930
2,동대문구,중구,690
2,동대문구,중랑구,1474
2,동작구,강남구,91
2,동작구,강동구,7
2,동작구,강서구,33
2,동작구,관악구,1136
2,동작구,광진구,20
2,동작구,구로구,321
2,동작구,금천구,88
2,동작구,노원구,3
2,동작구,동대문구,13
2,동작구,동작구,8197
2,동작구,마포구,101
2,동작구,서대문구,15
2,동작구,서초구,1356
2,동작구,성동구,52
2,동작구,성북구,11
2,동작구,송파구,27
2,동작구,양천구,62
2,동작구,영등포구,2011
2,동작구,용산구,612
2,동작구,은평구,2
2,동작구,종로구,22
2,동작구,중구,55
2,동작구,중랑구,4
2,마포구,강남구,47
2,마포구,강동구,1
2,마포구,강서구,342
2,마포구,관악구,12
2,마포구,광진구,20
2,마포구,구로구,61
2,마포구,금천구,5
2,마포구,노원구,2
2,마포구,동대문구,20
2,마포구,동작구,102
2,마포구,마포구,30736
2,마포구,서대문구,4502
2,마포구,서초구,149
2,마포구,성동구,146
2,마포구,성북구,13
2,마포구,송파구,25
2,마포구,양천구,155
2,마포구,영등포구,1204
2,마포구,용산구,702
2,마포구,은평구,1709
2,마포구,종로구,146
2,마포구,중구,230
2,마포구,중랑구,1
2,서대문구,강남구,1
2,서대문구,강서구,42
2,서대문구,관악구,15
2,서대문구,광진구,3
2,서대문구,구로구,23
2,서대문구,금천구,1
2,서대문구,동대문구,4
2,서대문구,동작구,25
2,서대문구,마포구,5529
2,서대문구,서대문구,9431
2,서대문구,서초구,18
2,서대문구,성동구,25
2,서대문구,성북구,20
2,서대문구,송파구,5
2,서대문구,양천구,39
2,서대문구,영등포구,173
2,서대문구,용산구,157
2,서대문구,은평구,1452
2,서대문구,종로구,582
2,서대문구,중구,765
2,서대문구,중랑구,1
2,서초구,강남구,2621
2,서초구,강동구,68
2,서초구,강북구,7
2,서초구,강서구,16
2,서초구,관악구,278
2,서초구,광진구,115
2,서초구,구로구,25
2,서초구,금천구,1
2,서초구,노원구,22
2,서초구,동대문구,21
2,서초구,동작구,1203
2,서초구,마포구,146
2,서초구,서대문구,5
2,서초구,서초구,17929
2,서초구,성동구,192
2,서초구,성북구,28
2,서초구,송파구,290
2,서초구,양천구,9
2,서초구,영등포구,284
2,서초구,용산구,326
2,서초구,은평구,5
2,서초구,종로구,9
2,서초구,중구,13
2,서초구,중랑구,4
2,성동구,강남구,270
2,성동구,강동구,48
2,성동구,강북구,41
2,성동구,강서구,8
2,성동구,관악구,4
2,성동구,광진구,4548
2,성동구,구로구,1
2,성동구,노원구,216
2,성동구,도봉구,22
2,성동구,동대문구,2996
2,성동구,동작구,52
2,성동구,마포구,117
2,성동구,서대문구,10
2,성동구,서초구,201
2,성동구,성동구,16336
2,성동구,성북구,663
2,성동구,송파구,176
2,성동구,양천구,5
2,성동구,영등포구,66
2,성동구,용산구,391
2,성동구,종로구,769
2,성동구,중구,840
2,성동구,중랑구,401
2,성북구,강남구,8
2,성북구,강동구,2
2,성북구,강북구,851
2,성북구,관악구,2
2,성북구,광진구,89
2,성북구,구로구,1
2,성북구,노원구,1039
2,성북구,도봉구,203
2,성북구,동대문구,2241
2,성북구,동작구,12
2,성북구,마포구,7
2,성북구,서대문구,17
2,성북구,서초구,32
2,성북구,성동구,719
2,성북구,성북구,10313
2,성북구,송파구,9
2,성북구,영등포구,6
2,성북구,용산구,25
2,성북구,은평구,2
2,성북구,종로구,1857
2,성북구,중구,512
2,성북구,중랑구,288
2,송파구,강남구,2334
2,송파구,강동구,3685
2,송파구,강서구,3
2,송파구,광진구,716
2,송파구,구로구,2
2,송파구,노원구,10
2,송파구,도봉구,1
2,송파구,동대문구,18
2,송파구,동작구,20
2,송파구,마포구,18
2,송파구,서대문구,3
2,송파구,서초구,205
2,송파구,성동구,171
2,송파구,성북구,12
2,송파구,송파구,55464
2,송파구,영등포구,24
2,송파구,용산구,33
2,송파구,종로구,12
2,송파구,중구,7
2,송파구,중랑구,24
2,양천구,강남구,7
2,양천구,강서구,3397
2,양천구,관악구,144
2,양천구,구로구,2130
2,양천구,금천구,316
2,양천구,동대문구,1
2,양천구,동작구,86
2,양천구,마포구,87
2,양천구,서대문구,17
2,양천구,서초구,10
2,양천구,성동구,4
2,양천구,양천구,33838
2,양천구,영등포구,2360
2,양천구,용산구,8
2,양천구,은평구,3
2,영등포구,강남구,93
2,영등포구,강동구,20
2,영등포구,강서구,840
2,영등포구,관악구,846
2,영등포구,광진구,24
2,영등포구,구로구,3469
2,영등포구,금천구,209
2,영등포구,노원구,7
2,영등포구,동대문구,31
2,영등포구,동작구,2030
2,영등포구,마포구,1334
2,영등포구,서대문구,145
2,영등포구,서초구,356
2,영등포구,성동구,82
2,영등포구,성북구,8
2,영등포구,송파구,57
2,영등포구,양천구,2320
2,영등포구,영등포구,46684
2,영등포구,용산구,457
2,영등포구,은평구,25
2,영등포구,종로구,13
2,영등포구,중구,40
2,영등포구,중랑구,9
2,용산구,강남구,144
2,용산구,강동구,3
2,용산구,강북구,1
2,용산구,강서구,27
2,용산구,관악구,17
2,용산구,광진구,81
2,용산구,구로구,23
2,용산구,금천구,6
2,용산구,노원구,9
2,용산구,도봉구,2
2,용산구,동대문구,62
2,용산구,동작구,753
2,용산구,마포구,742
2,용산구,서대문구,121
2,용산구,서초구,443
2,용산구,성동구,382
2,용산구,성북구,22
2,용산구,송파구,38
2,용산구,양천구,9
2,용산구,영등포구,416
2,용산구,용산구,11200
2,용산구,은평구,18
2,용산구,종로구,192
2,용산구,중구,613
2,용산구,중랑구,14
2,은평구,강남구,6
2,은평구,강서구,22
2,은평구,관악구,3
2,은평구,구로구,6
2,은평구,금천구,2
2,은평구,동대문구,1
2,은평구,동작구,6
2,은평구,마포구,1716
2,은평구,서대문구,1406
2,은평구,서초구,3
2,은평구,성동구,22
2,은평구,양천구,5
2,은평구,영등포구,33
2,은평구,용산구,34
2,은평구,은평구,17411
2,은평구,종로구,94
2,은평구,중구,63
2,종로구,강남구,7
2,종로구,강동구,10
2,종로구,강북구,48
2,종로구,강서구,2
2,종로구,관악구,1
2,종로구,광진구,38
2,종로구,구로구,4
2,종로구,금천구,1
2,종로구,노원구,34
2,종로구,도봉구,7
2,종로구,동대문구,961
2,종로구,동작구,28
2,종로구,마포구,196
2,종로구,서대문구,680
2,종로구,서초구,13
2,종로구,성동구,776
2,종로구,성북구,1717
2,종로구,송파구,7
2,종로구,양천구,11
2,종로구,영등포구,37
2,종로구,용산구,266
2,종로구,은평구,191
2,종로구,종로구,21094
2,종로구,중구,6359
2,종로구,중랑구,34
2,중구,강남구,29
2,중구,강동구,7
2,중구,강북구,53
2,중구,강서구,3
2,중구,관악구,5
2,중구,광진구,120
2,중구,구로구,12
2,중구,노원구,28
2,중구,도봉구,8
2,중구,동대문구,909
2,중구,동작구,53
2,중구,마포구,274
2,중구,서대문구,654
2,중구,서초구,34
2,중구,성동구,952
2,중구,성북구,614
2,중구,송파구,4
2,중구,양천구,8
2,중구,영등포구,64
2,중구,용산구,803
2,중구,은평구,57
2,중구,종로구,6205
2,중구,중구,9540
2,중구,중랑구,35
2,중랑구,강남구,18
2,중랑구,강동구,14
2,중랑구,강북구,82
2,중랑구,관악구,1
2,중랑구,광진구,502
2,중랑구,노원구,1764
2,중랑구,도봉구,63
2,중랑구,동대문구,1452
2,중랑구,마포구,2
2,중랑구,서초구,11
2,중랑구,성동구,340
2,중랑구,성북구,225
2,중랑구,송파구,24
2,중랑구,영등포구,1
2,중랑구,용산구,14
2,중랑구,종로구,18
2,중랑구,중구,22
2,중랑구,중랑구,15956
3,강남구,강남구,28658
3,강남구,강동구,465
3,강남구,강북구,16
3,강남구,강서구,34
3,강남구,관악구,55
3,강남구,광진구,742
3,강남구,구로구,5
3,강남구,금천구,1
3,강남구,노원구,48
3,강남구,도봉구,2
3,강남구,동대문구,166
3,강남구,동작구,299
3,강남구,마포구,113
3,강남구,서대문구,6
3,강남구,서초구,5004
3,강남구,성동구,822
3,강남구,성북구,63
3,강남구,송파구,5420
3,강남구,양천구,9
3,강남구,영등포구,258
3,강남구,용산구,344
3,강남구,은평구,14
3,강남구,종로구,16
3,강남구,중구,26
3,강남구,중랑구,101
3,강동구,강남구,296
3,강동구,강동구,42521
3,강동구,강서구,4
3,강동구,광진구,715
3,강동구,노원구,2
3,강동구,도봉구,1
3,강동구,동대문구,18
3,강동구,동작구,12
3,강동구,마포구,7
3,강동구,서대문구,2
3,강동구,서초구,56
3,강동구,성동구,71
3,강동구,성북구,1
3,강동구,송파구,7515
3,강동구,영등포구,56
3,강동구,용산구,10
3,강동구,중구,7
3,강동구,중랑구,17
3,강북구,강남구,2
3,강북구,강동구,1
3,강북구,강북구,14014
3,강북구,광진구,62
3,강북구,노원구,1346
3,강북구,도봉구,2801
3,강북구,동대문구,255
3,강북구,동작구,1
3,강북구,마포구,1
3,강북구,서대문구,1
3,강북구,서초구,6
3,강북구,성동구,119
3,강북구,성북구,1804
3,강북구,송파구,3
3,강북구,영등포구,2
3,강북구,용산구,10
3,강북구,종로구,48
3,강북구,중구,51
3,강북구,중랑구,161
3,강서구,강남구,26
3,강서구,강동구,2
3,강서구,강서구,122757
3,강서구,관악구,126
3,강서구,광진구,6
3,강서구,구로구,449
3,강서구,금천구,130
3,강서구,동대문구,2
3,강서구,동작구,110
3,강서구,마포구,750
3,강서구,서대문구,82
3,강서구,서초구,96
3,강서구,성동구,31
3,강서구,성북구,1
3,강서구,송파구,13
3,강서구,양천구,6165
3,강서구,영등포구,2114
3,강서구,용산구,97
3,강서구,은평구,55
3,강서구,종로구,9
3,강서구,중구,17
3,관악구,강남구,23
3,관악구,강동구,3
3,관악구,강서구,121
3,관악구,관악구,28986
3,관악구,광진구,2
3,관악구,구로구,3042
3,관악구,금천구,852
3,관악구,노원구,1
3,관악구,도봉구,1
3,관악구,동대문구,1
3,관악구,동작구,2097
3,관악구,마포구,84
3,관악구,서대문구,5
3,관악구,서초구,543
3,관악구,성동구,8
3,관악구,송파구,9
3,관악구,양천구,335
3,관악구,영등포구,1812
3,관악구,용산구,112
3,관악구,은평구,5
3,관악구,중구,8
3,관악구,중랑구,1
3,광진구,강남구,551
3,광진구,강동구,794
3,광진구,강북구,31
3,광진구,강서구,2
3,광진구,관악구,6
3,광진구,광진구,47415
3,광진구,금천구,1
3,광진구,노원구,345
3,광진구,도봉구,59
3,광진구,동대문구,1860
3,광진구,동작구,30
3,광진구,마포구,57
3,광진구,서대문구,4
3,광진구,서초구,249
3,광진구,성동구,8910
3,광진구,성북구,162
3,광진구,송파구,1676
3,광진구,양천구,1
3,광진구,영등포구,56
3,광진구,용산구,166
3,광진구,은평구,6
3,광진구,종로구,101
3,광진구,중구,90
3,광진구,중랑구,1046
3,구로구,강남구,7
3,구로구,강서구,434
3,구로구,관악구,2795
3,구로구,광진구,3
3,구로구,구로구,30584
3,구로구,금천구,3263
3,구로구,도봉구,1
3,구로구,동작구,610
3,구로구,마포구,273
3,구로구,서대문구,30
3,구로구,서초구,41
3,구로구,성동구,4
3,구로구,송파구,5
3,구로구,양천구,3565
3,구로구,영등포구,5974
3,구로구,용산구,36
3,구로구,은평구,27
3,구로구,종로구,20
3,구로구,중구,11
3,금천구,강동구,1
3,금천구,강서구,144
3,금천구,관악구,877
3,금천구,구로구,2898
3,금천구,금천구,16041
3,금천구,동작구,171
3,금천구,마포구,46
3,금천구,서대문구,1
3,금천구,서초구,9
3,금천구,양천구,718
3,금천구,영등포구,688
3,금천구,용산구,22
3,금천구,은평구,12
3,노원구,강남구,16
3,노원구,강동구,5
3,노원구,강북구,1321
3,노원구,관악구,2
3,노원구,광진구,339
3,노원구,노원구,58748
3,노원구,도봉구,5701
3,노원구,동대문구,876
3,노원구,동작구,1
3,노원구,마포구,4
3,노원구,서대문구,2
3,노원구,서초구,16
3,노원구,성동구,469
3,노원구,성북구,2058
3,노원구,송파구,6
3,노원구,양천구,3
3,노원구,영등포구,1
3,노원구,용산구,13
3,노원구,종로구,39
3,노원구,중구,8
3,노원구,중랑구,3457
3,도봉구,강남구,8
3,도봉구,강동구,3
3,도봉구,강북구,2799
3,도봉구,강서구,1
3,도봉구,광진구,67
3,도봉구,노원구,5524
3,도봉구,도봉구,16053
3,도봉구,동대문구,246
3,도봉구,동작구,1
3,도봉구,마포구,1
3,도봉구,서초구,3
3,도봉구,성동구,94
3,도봉구,성북구,455
3,도봉구,영등포구,1
3,도봉구,용산구,5
3,도봉구,종로구,19
3,도봉구,중구,2
3,도봉구,중랑구,188
3,동대문구,강남구,142
3,동대문구,강동구,43
3,동대문구,강북구,283
3,동대문구,강서구,1
3,동대문구,관악구,1
3,동대문구,광진구,1845
3,동대문구,노원구,887
3,동대문구,도봉구,223
3,동대문구,동대문구,33014
3,동대문구,동작구,32
3,동대문구,마포구,38
3,동대문구,서대문구,17
3,동대문구,서초구,107
3,동대문구,성동구,5524
3,동대문구,성북구,4663
3,동대문구,송파구,65
3,동대문구,양천구,1
3,동대문구,영등포구,28
3,동대문구,용산구,157
3,동대문구,은평구,3
3,동대문구,종로구,1694
3,동대문구,중구,1376
3,동대문구,중랑구,2786
3,동작구,강남구,274
3,동작구,강동구,11
3,동작구,강서구,94
3,동작구,관악구,1935
3,동작구,광진구,51
3,동작구,구로구,718
3,동작구,금천구,155
3,동작구,노원구,10
3,동작구,도봉구,9
3,동작구,동대문구,30
3,동작구,동작구,14120
3,동작구,마포구,273
3,동작구,서대문구,23
3,동작구,서초구,2508
3,동작구,성동구,173
3,동작구,성북구,27
3,동작구,송파구,125
3,동작구,양천구,133
3,동작구,영등포구,4189
3,동작구,용산구,1458
3,동작구,은평구,3
3,동작구,종로구,50
3,동작구,중구,129
3,동작구,중랑구,2
3,마포구,강남구,94
3,마포구,강동구,8
3,마포구,강서구,934
3,마포구,관악구,60
3,마포구,광진구,54
3,마포구,구로구,251
3,마포구,금천구,37
3,마포구,노원구,7
3,마포구,동대문구,62
3,마포구,동작구,249
3,마포구,마포구,58383
3,마포구,서대문구,8540
3,마포구,서초구,345
3,마포구,성동구,287
3,마포구,성북구,34
3,마포구,송파구,66
3,마포구,양천구,366
3,마포구,영등포구,3014
3,마포구,용산구,1626
3,마포구,은평구,4090
3,마포구,종로구,287
3,마포구,중구,494
3,마포구,중랑구,10
3,서대문구,강남구,16
3,서대문구,강동구,2
3,서대문구,강서구,89
3,서대문구,관악구,21
3,서대문구,광진구,9
3,서대문구,구로구,45
3,서대문구,금천구,1
3,서대문구,동대문구,30
3,서대문구,동작구,39
3,서대문구,마포구,10227
3,서대문구,서대문구,16717
3,서대문구,서초구,46
3,서대문구,성동구,42
3,서대문구,성북구,43
3,서대문구,송파구,3
3,서대문구,양천구,83
3,서대문구,영등포구,454
3,서대문구,용산구,361
3,서대문구,은평구,2517
3,서대문구,종로구,1109
3,서대문구,중구,1238
3,서대문구,중랑구,3
3,서초구,강남구,4734
3,서초구,강동구,98
3,서초구,강북구,10
3,서초구,강서구,78
3,서초구,관악구,545
3,서초구,광진구,299
3,서초구,구로구,46
3,서초구,금천구,6
3,서초구,노원구,25
3,서초구,도봉구,4
3,서초구,동대문구,92
3,서초구,동작구,2357
3,서초구,마포구,309
3,서초구,서대문구,40
3,서초구,서초구,30898
3,서초구,성동구,423
3,서초구,성북구,47
3,서초구,송파구,880
3,서초구,양천구,27
3,서초구,영등포구,914
3,서초구,용산구,877
3,서초구,은평구,11
3,서초구,종로구,23
3,서초구,중구,28
3,서초구,중랑구,33
3,성동구,강남구,636
3,성동구,강동구,141
3,성동구,강북구,126
3,성동구,강서구,16
3,성동구,관악구,8
3,성동구,광진구,8967
3,성동구,구로구,2
3,성동구,노원구,541
3,성동구,도봉구,76
3,성동구,동대문구,5787
3,성동구,동작구,156
3,성동구,마포구,230
3,성동구,서대문구,22
3,성동구,서초구,528
3,성동구,성동구,30319
3,성동구,성북구,1586
3,성동구,송파구,476
3,성동구,양천구,8
3,성동구,영등포구,154
3,성동구,용산구,978
3,성동구,은평구,9
3,성동구,종로구,1393
3,성동구,중구,1620
3,성동구,중랑구,1026
3,성북구,강남구,31
3,성북구,강동구,4
3,성북구,강북구,1800
3,성북구,강서구,1
3,성북구,관악구,1
3,성북구,광진구,240
3,성북구,노원구,2161
3,성북구,도봉구,414
3,성북구,동대문구,4531
3,성북구,동작구,37
3,성북구,마포구,15
3,성북구,서대문구,17
3,성북구,서초구,63
3,성북구,성동구,1577
3,성북구,성북구,20656
3,성북구,송파구,37
3,성북구,양천구,1
3,성북구,영등포구,20
3,성북구,용산구,107
3,성북구,은평구,8
3,성북구,종로구,3534
3,성북구,중구,1199
3,성북구,중랑구,519
3,송파구,강남구,4591
3,송파구,강동구,7926
3,송파구,강북구,1
3,송파구,강서구,5
3,송파구,관악구,7
3,송파구,광진구,1699
3,송파구,구로구,1
3,송파구,노원구,16
3,송파구,도봉구,3
3,송파구,동대문구,60
3,송파구,동작구,73
3,송파구,마포구,30
3,송파구,서대문구,5
3,송파구,서초구,635
3,송파구,성동구,385
3,송파구,성북구,55
3,송파구,송파구,97076
3,송파구,양천구,2
3,송파구,영등포구,107
3,송파구,용산구,88
3,송파구,은평구,3
3,송파구,종로구,16
3,송파구,중구,13
3,송파구,중랑구,60
3,양천구,강남구,12
3,양천구,강동구,3
3,양천구,강서구,6338
3,양천구,관악구,282
3,양천구,구로구,3624
3,양천구,금천구,586
3,양천구,동대문구,1
3,양천구,동작구,140
3,양천구,마포구,270
3,양천구,서대문구,54
3,양천구,서초구,55
3,양천구,성동구,4
3,양천구,송파구,4
3,양천구,양천구,54863
3,양천구,영등포구,4051
3,양천구,용산구,28
3,양천구,은평구,23
3,양천구,종로구,2
3,양천구,중구,3
3,영등포구,강남구,251
3,영등포구,강동구,34
3,영등포구,강서구,2412
3,영등포구,관악구,1663
3,영등포구,광진구,89
3,영등포구,구로구,6123
3,영등포구,금천구,485
3,영등포구,노원구,13
3,영등포구,도봉구,1
3,영등포구,동대문구,37
3,영등포구,동작구,4104
3,영등포구,마포구,3323
3,영등포구,서대문구,407
3,영등포구,서초구,1008
3,영등포구,성동구,212
3,영등포구,성북구,30
3,영등포구,송파구,164
3,영등포구,양천구,4143
3,영등포구,영등포구,81029
3,영등포구,용산구,1019
3,영등포구,은평구,102
3,영등포구,종로구,48
3,영등포구,중구,98
3,영등포구,중랑구,7
3,용산구,강남구,366
3,용산구,강동구,15
3,용산구,강북구,3
3,용산구,강서구,72
3,용산구,관악구,64
3,용산구,광진구,246
3,용산구,구로구,62
3,용산구,금천구,17
3,용산구,노원구,19
3,용산구,도봉구,3
3,용산구,동대문구,190
3,용산구,동작구,1669
3,용산구,마포구,1724
3,용산구,서대문구,307
3,용산구,서초구,957
3,용산구,성동구,976
3,용산구,성북구,80
3,용산구,송파구,114
3,용산구,양천구,31
3,용산구,영등포구,1065
3,용산구,용산구,20098
3,용산구,은평구,51
3,용산구,종로구,450
3,용산구,중구,1278
3,용산구,중랑구,50
3,은평구,강남구,6
3,은평구,강서구,67
3,은평구,관악구,9
3,은평구,광진구,3
3,은평구,구로구,25
3,은평구,금천구,4
3,은평구,도봉구,1
3,은평구,동대문구,6
3,은평구,동작구,3
3,은평구,마포구,3799
3,은평구,서대문구,2444
3,은평구,서초구,8
3,은평구,성동구,28
3,은평구,성북구,4
3,은평구,송파구,1
3,은평구,양천구,37
3,은평구,영등포구,92
3,은평구,용산구,62
3,은평구,은평구,29188
3,은평구,종로구,156
3,은평구,중구,87
3,종로구,강남구,42
3,종로구,강동구,10
3,종로구,강북구,129
3,종로구,강서구,21
3,종로구,관악구,11
3,종로구,광진구,160
3,종로구,구로구,11
3,종로구,금천구,1
3,종로구,노원구,64
3,종로구,도봉구,19
3,종로구,동대문구,1893
3,종로구,동작구,46
3,종로구,마포구,518
3,종로구,서대문구,1462
3,종로구,서초구,37
3,종로구,성동구,1571
3,종로구,성북구,3385
3,종로구,송파구,23
3,종로구,양천구,19
3,종로구,영등포구,109
3,종로구,용산구,595
3,종로구,은평구,343
3,종로구,종로구,35769
3,종로구,중구,10429
3,종로구,중랑구,97
3,중구,강남구,51
3,중구,강동구,26
3,중구,강북구,77
3,중구,강서구,67
3,중구,관악구,9
3,중구,광진구,261
3,중구,구로구,23
3,중구,금천구,5
3,중구,노원구,28
3,중구,도봉구,23
3,중구,동대문구,1738
3,중구,동작구,136
3,중구,마포구,623
3,중구,서대문구,1090
3,중구,서초구,70
3,중구,성동구,2089
3,중구,성북구,1377
3,중구,송파구,45
3,중구,양천구,13
3,중구,영등포구,142
3,중구,용산구,1691
3,중구,은평구,149
3,중구,종로구,10039
3,중구,중구,15944
3,중구,중랑구,84
3,중랑구,강남구,38
3,중랑구,강동구,26
3,중랑구,강북구,175
3,중랑구,관악구,1
3,중랑구,광진구,1063
3,중랑구,노원구,3355
3,중랑구,도봉구,183
3,중랑구,동대문구,2772
3,중랑구,동작구,4
3,중랑구,마포구,5
3,중랑구,서대문구,1
3,중랑구,서초구,15
3,중랑구,성동구,743
3,중랑구,성북구,406
3,중랑구,송파구,39
3,중랑구,영등포구,8
3,중랑구,용산구,45
3,중랑구,종로구,45
3,중랑구,중구,33
3,중랑구,중랑구,27047
4,강남구,강남구,44523
4,강남구,강동구,906
4,강남구,강북구,39
4,강남구,강서구,70
4,강남구,관악구,96
4,강남구,광진구,1470
4,강남구,구로구,36
4,강남구,금천구,4
4,강남구,노원구,79
4,강남구,도봉구,10
4,강남구,동대문구,330
4,강남구,동작구,624
4,강남구,마포구,283
4,강남구,서대문구,60
4,강남구,서초구,8823
4,강남구,성동구,1455
4,강남구,성북구,95
4,강남구,송파구,9861
4,강남구,양천구,31
4,강남구,영등포구,556
4,강남구,용산구,895
4,강남구,은평구,23
4,강남구,종로구,27
4,강남구,중구,78
4,강남구,중랑구,195
4,강동구,강남구,530
4,강동구,강동구,70391
4,강동구,강북구,2
4,강동구,강서구,2
4,강동구,관악구,2
4,강동구,광진구,1227
4,강동구,구로구,1
4,강동구,금천구,1
4,강동구,노원구,9
4,강동구,도봉구,1
4,강동구,동대문구,35
4,강동구,동작구,16
4,강동구,마포구,9
4,강동구,서대문구,2
4,강동구,서초구,103
4,강동구,성동구,199
4,강동구,성북구,8
4,강동구,송파구,14011
4,강동구,영등포구,70
4,강동구,용산구,29
4,강동구,종로구,4
4,강동구,중구,5
4,강동구,중랑구,40
4,강북구,강남구,21
4,강북구,강동구,1
4,강북구,강북구,22285
4,강북구,광진구,130
4,강북구,구로구,2
4,강북구,노원구,2334
4,강북구,도봉구,4443
4,강북구,동대문구,464
4,강북구,동작구,6
4,강북구,서초구,6
4,강북구,성동구,209
4,강북구,성북구,2911
4,강북구,송파구,13
4,강북구,영등포구,3
4,강북구,용산구,17
4,강북구,종로구,128
4,강북구,중구,68
4,강북구,중랑구,268
4,강서구,강남구,38
4,강서구,강동구,1
4,강서구,강서구,192172
4,강서구,관악구,229
4,강서구,광진구,8
4,강서구,구로구,845
4,강서구,금천구,234
4,강서구,노원구,1
4,강서구,동대문구,7
4,강서구,동작구,261
4,강서구,마포구,1391
4,강서구,서대문구,128
4,강서구,서초구,163
4,강서구,성동구,35
4,강서구,성북구,1
4,강서구,송파구,29
4,강서구,양천구,10193
4,강서구,영등포구,4642
4,강서구,용산구,168
4,강서구,은평구,100
4,강서구,종로구,14
4,강서구,중구,25
4,관악구,강남구,44
4,관악구,강서구,216
4,관악구,관악구,47192
4,관악구,광진구,9
4,관악구,구로구,5416
4,관악구,금천구,1440
4,관악구,도봉구,1
4,관악구,동대문구,9
4,관악구,동작구,4004
4,관악구,마포구,132
4,관악구,서대문구,14
4,관악구,서초구,974
4,관악구,성동구,34
4,관악구,성북구,11
4,관악구,송파구,23
4,관악구,양천구,582
4,관악구,영등포구,3257
4,관악구,용산구,172
4,관악구,은평구,9
4,관악구,종로구,4
4,관악구,중구,9
4,광진구,강남구,903
4,광진구,강동구,1470
4,광진구,강북구,83
4,광진구,강서구,2
4,광진구,관악구,8
4,광진구,광진구,79654
4,광진구,구로구,2
4,광진구,노원구,652
4,광진구,도봉구,154
4,광진구,동대문구,3227
4,광진구,동작구,88
4,광진구,마포구,106
4,광진구,서대문구,20
4,광진구,서초구,451
4,광진구,성동구,15372
4,광진구,성북구,313
4,광진구,송파구,3763
4,광진구,영등포구,84
4,광진구,용산구,408
4,광진구,은평구,4
4,광진구,종로구,124
4,광진구,중구,146
4,광진구,중랑구,2314
4,구로구,강남구,39
4,구로구,강서구,894
4,구로구,관악구,5158
4,구로구,광진구,4
4,구로구,구로구,49598
4,구로구,금천구,5289
4,구로구,노원구,1
4,구로구,동대문구,1
4,구로구,동작구,1116
4,구로구,마포구,404
4,구로구,서대문구,59
4,구로구,서초구,47
4,구로구,성동구,20
4,구로구,성북구,1
4,구로구,송파구,9
4,구로구,양천구,6249
4,구로구,영등포구,10534
4,구로구,용산구,81
4,구로구,은평구,52
4,구로구,종로구,27
4,구로구,중구,15
4,구로구,중랑구,1
4,금천구,강남구,6
4,금천구,강서구,242
4,금천구,관악구,1503
4,금천구,구로구,4842
4,금천구,금천구,25430
4,금천구,동작구,324
4,금천구,마포구,108
4,금천구,서대문구,4
4,금천구,서초구,16
4,금천구,성동구,11
4,금천구,송파구,1
4,금천구,양천구,1068
4,금천구,영등포구,1474
4,금천구,용산구,29
4,금천구,은평구,27
4,금천구,중구,3
4,금천구,중랑구,1
4,노원구,강남구,33
4,노원구,강동구,13
4,노원구,강북구,2241
4,노원구,광진구,687
4,노원구,노원구,96531
4,노원구,도봉구,9460
4,노원구,동대문구,1619
4,노원구,동작구,11
4,노원구,마포구,6
4,노원구,서대문구,2
4,노원구,서초구,30
4,노원구,성동구,606
4,노원구,성북구,3471
4,노원구,송파구,18
4,노원구,영등포구,8
4,노원구,용산구,43
4,노원구,은평구,1
4,노원구,종로구,56
4,노원구,중구,30
4,노원구,중랑구,5988
4,도봉구,강남구,5
4,도봉구,강동구,3
4,도봉구,강북구,4423
4,도봉구,광진구,155
4,도봉구,노원구,9251
4,도봉구,도봉구,25695
4,도봉구,동대문구,407
4,도봉구,동작구,1
4,도봉구,마포구,3
4,도봉구,서초구,12
4,도봉구,성동구,156
4,도봉구,성북구,774
4,도봉구,영등포구,4
4,도봉구,용산구,10
4,도봉구,종로구,18
4,도봉구,중구,30
4,도봉구,중랑구,405
4,동대문구,강남구,200
4,동대문구,강동구,62
4,동대문구,강북구,533
4,동대문구,관악구,5
4,동대문구,광진구,2741
4,동대문구,구로구,5
4,동대문구,노원구,1669
4,동대문구,도봉구,350
4,동대문구,동대문구,51143
4,동대문구,동작구,52
4,동대문구,마포구,68
4,동대문구,서대문구,34
4,동대문구,서초구,211
4,동대문구,성동구,8782
4,동대문구,성북구,7283
4,동대문구,송파구,154
4,동대문구,양천구,5
4,동대문구,영등포구,60
4,동대문구,용산구,301
4,동대문구,은평구,5
4,동대문구,종로구,2747
4,동대문구,중구,2222
4,동대문구,중랑구,4803
4,동작구,강남구,436
4,동작구,강동구,17
4,동작구,강북구,2
4,동작구,강서구,281
4,동작구,관악구,3863
4,동작구,광진구,103
4,동작구,구로구,1209
4,동작구,금천구,288
4,동작구,노원구,21
4,동작구,도봉구,18
4,동작구,동대문구,61
4,동작구,동작구,24754
4,동작구,마포구,497
4,동작구,서대문구,60
4,동작구,서초구,4314
4,동작구,성동구,254
4,동작구,성북구,35
4,동작구,송파구,263
4,동작구,양천구,217
4,동작구,영등포구,7959
4,동작구,용산구,2980
4,동작구,은평구,29
4,동작구,종로구,57
4,동작구,중구,174
4,동작구,중랑구,16
4,마포구,강남구,221
4,마포구,강동구,16
4,마포구,강북구,8
4,마포구,강서구,1919
4,마포구,관악구,175
4,마포구,광진구,132
4,마포구,구로구,493
4,마포구,금천구,83
4,마포구,노원구,20
4,마포구,도봉구,4
4,마포구,동대문구,92
4,마포구,동작구,644
4,마포구,마포구,95634
4,마포구,서대문구,13712
4,마포구,서초구,715
4,마포구,성동구,535
4,마포구,성북구,59
4,마포구,송파구,118
4,마포구,양천구,725
4,마포구,영등포구,6781
4,마포구,용산구,2976
4,마포구,은평구,7665
4,마포구,종로구,536
4,마포구,중구,751
4,마포구,중랑구,29
4,서대문구,강남구,33
4,서대문구,강동구,5
4,서대문구,강서구,185
4,서대문구,관악구,27
4,서대문구,광진구,15
4,서대문구,구로구,60
4,서대문구,금천구,9
4,서대문구,동대문구,46
4,서대문구,동작구,91
4,서대문구,마포구,16465
4,서대문구,서대문구,25731
4,서대문구,서초구,106
4,서대문구,성동구,69
4,서대문구,성북구,36
4,서대문구,송파구,15
4,서대문구,양천구,129
4,서대문구,영등포구,948
4,서대문구,용산구,614
4,서대문구,은평구,4440
4,서대문구,종로구,1786
4,서대문구,중구,1949
4,서대문구,중랑구,9
4,서초구,강남구,8329
4,서초구,강동구,183
4,서초구,강북구,14
4,서초구,강서구,215
4,서초구,관악구,1032
4,서초구,광진구,616
4,서초구,구로구,93
4,서초구,금천구,17
4,서초구,노원구,48
4,서초구,도봉구,3
4,서초구,동대문구,205
4,서초구,동작구,4403
4,서초구,마포구,652
4,서초구,서대문구,94
4,서초구,서초구,52591
4,서초구,성동구,885
4,서초구,성북구,114
4,서초구,송파구,1924
4,서초구,양천구,90
4,서초구,영등포구,2075
4,서초구,용산구,1862
4,서초구,은평구,61
4,서초구,종로구,39
4,서초구,중구,57
4,서초구,중랑구,74
4,성동구,강남구,1281
4,성동구,강동구,306
4,성동구,강북구,209
4,성동구,강서구,28
4,성동구,관악구,13
4,성동구,광진구,15167
4,성동구,구로구,12
4,성동구,금천구,3
4,성동구,노원구,853
4,성동구,도봉구,163
4,성동구,동대문구,9347
4,성동구,동작구,271
4,성동구,마포구,415
4,성동구,서대문구,58
4,성동구,서초구,1061
4,성동구,성동구,52144
4,성동구,성북구,2651
4,성동구,송파구,1125
4,성동구,양천구,24
4,성동구,영등포구,347
4,성동구,용산구,1646
4,성동구,은평구,32
4,성동구,종로구,2059
4,성동구,중구,2637
4,성동구,중랑구,1808
4,성북구,강남구,66
4,성북구,강동구,9
4,성북구,강북구,2948
4,성북구,강서구,3
4,성북구,관악구,2
4,성북구,광진구,424
4,성북구,구로구,2
4,성북구,노원구,3567
4,성북구,도봉구,789
4,성북구,동대문구,7043
4,성북구,동작구,47
4,성북구,마포구,45
4,성북구,서대문구,27
4,성북구,서초구,139
4,성북구,성동구,2382
4,성북구,성북구,32842
4,성북구,송파구,87
4,성북구,영등포구,33
4,성북구,용산구,131
4,성북구,은평구,9
4,성북구,종로구,5300
4,성북구,중구,1895
4,성북구,중랑구,920
4,송파구,강남구,8378
4,송파구,강동구,15213
4,송파구,강북구,1
4,송파구,강서구,12
4,송파구,관악구,23
4,송파구,광진구,3777
4,송파구,구로구,10
4,송파구,노원구,32
4,송파구,동대문구,155
4,송파구,동작구,180
4,송파구,마포구,67
4,송파구,서대문구,6
4,송파구,서초구,1388
4,송파구,성동구,838
4,송파구,성북구,87
4,송파구,송파구,169999
4,송파구,양천구,5
4,송파구,영등포구,250
4,송파구,용산구,237
4,송파구,종로구,41
4,송파구,중구,32
4,송파구,중랑구,86
4,양천구,강남구,21
4,양천구,강서구,10174
4,양천구,관악구,457
4,양천구,광진구,3
4,양천구,구로구,6184
4,양천구,금천구,973
4,양천구,노원구,1
4,양천구,동대문구,2
4,양천구,동작구,236
4,양천구,마포구,482
4,양천구,서대문구,81
4,양천구,서초구,95
4,양천구,성동구,17
4,양천구,성북구,1
4,양천구,송파구,7
4,양천구,양천구,86792
4,양천구,영등포구,7014
4,양천구,용산구,45
4,양천구,은평구,32
4,양천구,종로구,5
4,양천구,중구,7
4,영등포구,강남구,567
4,영등포구,강동구,37
4,영등포구,강북구,2
4,영등포구,강서구,5251
4,영등포구,관악구,3059
4,영등포구,광진구,180
4,영등포구,구로구,10781
4,영등포구,금천구,1141
4,영등포구,노원구,35
4,영등포구,도봉구,8
4,영등포구,동대문구,82
4,영등포구,동작구,7708
4,영등포구,마포구,6717
4,영등포구,서대문구,764
4,영등포구,서초구,2428
4,영등포구,성동구,429
4,영등포구,성북구,55
4,영등포구,송파구,325
4,영등포구,양천구,7335
4,영등포구,영등포구,137806
4,영등포구,용산구,2536
4,영등포구,은평구,358
4,영등포구,종로구,157
4,영등포구,중구,170
4,영등포구,중랑구,24
4,용산구,강남구,709
4,용산구,강동구,44
4,용산구,강북구,25
4,용산구,강서구,149
4,용산구,관악구,171
4,용산구,광진구,508
4,용산구,구로구,128
4,용산구,금천구,23
4,용산구,노원구,53
4,용산구,도봉구,13
4,용산구,동대문구,399
4,용산구,동작구,3395
4,용산구,마포구,3211
4,용산구,서대문구,534
4,용산구,서초구,2126
4,용산구,성동구,1734
4,용산구,성북구,196
4,용산구,송파구,302
4,용산구,양천구,65
4,용산구,영등포구,2534
4,용산구,용산구,33137
4,용산구,은평구,136
4,용산구,종로구,778
4,용산구,중구,2204
4,용산구,중랑구,93
4,은평구,강남구,15
4,은평구,강동구,2
4,은평구,강북구,1
4,은평구,강서구,99
4,은평구,관악구,15
4,은평구,광진구,5
4,은평구,구로구,33
4,은평구,금천구,6
4,은평구,노원구,1
4,은평구,도봉구,2
4,은평구,동대문구,5
4,은평구,동작구,24
4,은평구,마포구,6893
4,은평구,서대문구,4196
4,은평구,서초구,26
4,은평구,성동구,30
4,은평구,성북구,2
4,은평구,송파구,4
4,은평구,양천구,63
4,은평구,영등포구,218
4,은평구,용산구,125
4,은평구,은평구,48605
4,은평구,종로구,224
4,은평구,중구,107
4,은평구,중랑구,2
4,종로구,강남구,68
4,종로구,강동구,18
4,종로구,강북구,189
4,종로구,강서구,23
4,종로구,관악구,12
4,종로구,광진구,234
4,종로구,구로구,23
4,종로구,금천구,1
4,종로구,노원구,112
4,종로구,도봉구,45
4,종로구,동대문구,3218
4,종로구,동작구,75
4,종로구,마포구,873
4,종로구,서대문구,2467
4,종로구,서초구,79
4,종로구,성동구,2460
4,종로구,성북구,5268
4,종로구,송파구,63
4,종로구,양천구,38
4,종로구,영등포구,315
4,종로구,용산구,998
4,종로구,은평구,498
4,종로구,종로구,53908
4,종로구,중구,16163
4,종로구,중랑구,182
4,중구,강남구,129
4,중구,강동구,60
4,중구,강북구,135
4,중구,강서구,77
4,중구,관악구,17
4,중구,광진구,448
4,중구,구로구,20
4,중구,금천구,8
4,중구,노원구,92
4,중구,도봉구,38
4,중구,동대문구,2976
4,중구,동작구,266
4,중구,마포구,1075
4,중구,서대문구,1773
4,중구,서초구,162
4,중구,성동구,3539
4,중구,성북구,2181
4,중구,송파구,93
4,중구,양천구,30
4,중구,영등포구,349
4,중구,용산구,2790
4,중구,은평구,161
4,중구,종로구,15284
4,중구,중구,23946
4,중구,중랑구,184
4,중랑구,강남구,64
4,중랑구,강동구,34
4,중랑구,강북구,263
4,중랑구,광진구,1954
4,중랑구,노원구,5712
4,중랑구,도봉구,365
4,중랑구,동대문구,4645
4,중랑구,동작구,14
4,중랑구,마포구,16
4,중랑구,서대문구,1
4,중랑구,서초구,56
4,중랑구,성동구,1423
4,중랑구,성북구,729
4,중랑구,송파구,44
4,중랑구,영등포구,15
4,중랑구,용산구,64
4,중랑구,종로구,99
4,중랑구,중구,81
4,중랑구,중랑구,44223
5,강남구,강남구,54443
5,강남구,강동구,1097
5,강남구,강북구,38
5,강남구,강서구,73
5,강남구,관악구,158
5,강남구,광진구,1743
5,강남구,구로구,25
5,강남구,금천구,6
5,강남구,노원구,106
5,강남구,도봉구,11
5,강남구,동대문구,461
5,강남구,동작구,717
5,강남구,마포구,332
5,강남구,서대문구,92
5,강남구,서초구,10439
5,강남구,성동구,1674
5,강남구,성북구,172
5,강남구,송파구,12206
5,강남구,양천구,21
5,강남구,영등포구,683
5,강남구,용산구,963
5,강남구,은평구,43
5,강남구,종로구,59
5,강남구,중구,86
5,강남구,중랑구,214
5,강동구,강남구,641
5,강동구,강동구,93273
5,강동구,강북구,3
5,강동구,강서구,3
5,강동구,관악구,1
5,강동구,광진구,1706
5,강동구,구로구,2
5,강동구,노원구,7
5,강동구,도봉구,3
5,강동구,동대문구,44
5,강동구,동작구,27
5,강동구,마포구,20
5,강동구,서대문구,1
5,강동구,서초구,93
5,강동구,성동구,217
5,강동구,성북구,17
5,강동구,송파구,17890
5,강동구,영등포구,53
5,강동구,용산구,34
5,강동구,종로구,21
5,강동구,중구,13
5,강동구,중랑구,61
5,강북구,강남구,32
5,강북구,강북구,29177
5,강북구,강서구,1
5,강북구,광진구,141
5,강북구,노원구,2820
5,강북구,도봉구,5787
5,강북구,동대문구,594
5,강북구,동작구,18
5,강북구,마포구,99
5,강북구,서대문구,48
5,강북구,서초구,18
5,강북구,성동구,250
5,강북구,성북구,3808
5,강북구,송파구,6
5,강북구,영등포구,14
5,강북구,용산구,26
5,강북구,은평구,7
5,강북구,종로구,157
5,강북구,중구,79
5,강북구,중랑구,348
5,강서구,강남구,60
5,강서구,강동구,3
5,강서구,강북구,1
5,강서구,강서구,265030
5,강서구,관악구,316
5,강서구,광진구,11
5,강서구,구로구,1082
5,강서구,금천구,397
5,강서구,노원구,1
5,강서구,동대문구,15
5,강서구,동작구,366
5,강서구,마포구,1769
5,강서구,서대문구,248
5,강서구,서초구,215
5,강서구,성동구,36
5,강서구,성북구,1
5,강서구,송파구,55
5,강서구,양천구,13843
5,강서구,영등포구,5441
5,강서구,용산구,218
5,강서구,은평구,171
5,강서구,종로구,14
5,강서구,중구,42
5,강서구,중랑구,1
5,관악구,강남구,76
5,관악구,강동구,3
5,관악구,강서구,315
5,관악구,관악구,60643
5,관악구,광진구,4
5,관악구,구로구,7141
5,관악구,금천구,1900
5,관악구,노원구,1
5,관악구,동대문구,5
5,관악구,동작구,4943
5,관악구,마포구,150
5,관악구,서대문구,9
5,관악구,서초구,1233
5,관악구,성동구,44
5,관악구,성북구,4
5,관악구,송파구,19
5,관악구,양천구,696
5,관악구,영등포구,3766
5,관악구,용산구,198
5,관악구,은평구,5
5,관악구,종로구,16
5,관악구,중구,21
5,광진구,강남구,1182
5,광진구,강동구,1977
5,광진구,강북구,117
5,광진구,강서구,3
5,광진구,관악구,13
5,광진구,광진구,100964
5,광진구,구로구,2
5,광진구,노원구,1055
5,광진구,도봉구,167
5,광진구,동대문구,4138
5,광진구,동작구,106
5,광진구,마포구,127
5,광진구,서대문구,19
5,광진구,서초구,539
5,광진구,성동구,17939
5,광진구,성북구,427
5,광진구,송파구,4496
5,광진구,양천구,1
5,광진구,영등포구,113
5,광진구,용산구,575
5,광진구,은평구,8
5,광진구,종로구,175
5,광진구,중구,208
5,광진구,중랑구,2916
5,구로구,강남구,24
5,구로구,강서구,1130
5,구로구,관악구,6879
5,구로구,광진구,4
5,구로구,구로구,65737
5,구로구,금천구,7217
5,구로구,동대문구,2
5,구로구,동작구,1498
5,구로구,마포구,432
5,구로구,서대문구,86
5,구로구,서초구,74
5,구로구,성동구,13
5,구로구,성북구,8
5,구로구,송파구,12
5,구로구,양천구,8004
5,구로구,영등포구,13054
5,구로구,용산구,112
5,구로구,은평구,90
5,구로구,종로구,32
5,구로구,중구,13
5,구로구,중랑구,1
5,금천구,강남구,9
5,금천구,강서구,477
5,금천구,관악구,1824
5,금천구,광진구,5
5,금천구,구로구,6533
5,금천구,금천구,33481
5,금천구,동대문구,1
5,금천구,동작구,465
5,금천구,마포구,131
5,금천구,서대문구,18
5,금천구,서초구,26
5,금천구,성동구,6
5,금천구,성북구,3
5,금천구,송파구,2
5,금천구,양천구,1356
5,금천구,영등포구,1804
5,금천구,용산구,54
5,금천구,은평구,23
5,금천구,종로구,4
5,금천구,중구,1
5,노원구,강남구,41
5,노원구,강동구,11
5,노원구,강북구,2736
5,노원구,강서구,1
5,노원구,광진구,889
5,노원구,노원구,128271
5,노원구,도봉구,12392
5,노원구,동대문구,1915
5,노원구,동작구,7
5,노원구,마포구,6
5,노원구,서대문구,3
5,노원구,서초구,31
5,노원구,성동구,720
5,노원구,성북구,4698
5,노원구,송파구,27
5,노원구,영등포구,11
5,노원구,용산구,55
5,노원구,은평구,1
5,노원구,종로구,96
5,노원구,중구,28
5,노원구,중랑구,8304
5,도봉구,강남구,6
5,도봉구,강동구,1
5,도봉구,강북구,5509
5,도봉구,광진구,153
5,도봉구,노원구,12172
5,도봉구,도봉구,34090
5,도봉구,동대문구,528
5,도봉구,동작구,17
5,도봉구,마포구,4
5,도봉구,서초구,7
5,도봉구,성동구,218
5,도봉구,성북구,839
5,도봉구,송파구,5
5,도봉구,영등포구,6
5,도봉구,용산구,19
5,도봉구,은평구,1
5,도봉구,종로구,21
5,도봉구,중구,41
5,도봉구,중랑구,449
5,동대문구,강남구,300
5,동대문구,강동구,56
5,동대문구,강북구,675
5,동대문구,강서구,5
5,동대문구,관악구,1
5,동대문구,광진구,3373
5,동대문구,노원구,2088
5,동대문구,도봉구,460
5,동대문구,동대문구,64903
5,동대문구,동작구,49
5,동대문구,마포구,104
5,동대문구,서대문구,57
5,동대문구,서초구,215
5,동대문구,성동구,10806
5,동대문구,성북구,9489
5,동대문구,송파구,187
5,동대문구,양천구,5
5,동대문구,영등포구,68
5,동대문구,용산구,345
5,동대문구,은평구,7
5,동대문구,종로구,3602
5,동대문구,중구,2818
5,동대문구,중랑구,6300
5,동작구,강남구,525
5,동작구,강동구,31
5,동작구,강북구,5
5,동작구,강서구,359
5,동작구,관악구,5100
5,동작구,광진구,117
5,동작구,구로구,1599
5,동작구,금천구,454
5,동작구,노원구,21
5,동작구,도봉구,20
5,동작구,동대문구,69
5,동작구,동작구,32519
5,동작구,마포구,784
5,동작구,서대문구,67
5,동작구,서초구,5621
5,동작구,성동구,284
5,동작구,성북구,37
5,동작구,송파구,298
5,동작구,양천구,354
5,동작구,영등포구,9442
5,동작구,용산구,4088
5,동작구,은평구,38
5,동작구,종로구,71
5,동작구,중구,246
5,동작구,중랑구,13
5,마포구,강남구,288
5,마포구,강동구,28
5,마포구,강북구,64
5,마포구,강서구,2555
5,마포구,관악구,228
5,마포구,광진구,157
5,마포구,구로구,577
5,마포구,금천구,97
5,마포구,노원구,43
5,마포구,도봉구,8
5,마포구,동대문구,153
5,마포구,동작구,819
5,마포구,마포구,119634
5,마포구,서대문구,17708
5,마포구,서초구,934
5,마포구,성동구,651
5,마포구,성북구,85
5,마포구,송파구,147
5,마포구,양천구,940
5,마포구,영등포구,7758
5,마포구,용산구,3893
5,마포구,은평구,9003
5,마포구,종로구,739
5,마포구,중구,873
5,마포구,중랑구,52
5,서대문구,강남구,39
5,서대문구,강동구,3
5,서대문구,강북구,53
5,서대문구,강서구,228
5,서대문구,관악구,33
5,서대문구,광진구,16
5,서대문구,구로구,81
5,서대문구,금천구,11
5,서대문구,노원구,11
5,서대문구,동대문구,76
5,서대문구,동작구,94
5,서대문구,마포구,20354
5,서대문구,서대문구,31346
5,서대문구,서초구,136
5,서대문구,성동구,93
5,서대문구,성북구,42
5,서대문구,송파구,18
5,서대문구,양천구,166
5,서대문구,영등포구,1041
5,서대문구,용산구,713
5,서대문구,은평구,5268
5,서대문구,종로구,2041
5,서대문구,중구,2009
5,서대문구,중랑구,13
5,서초구,강남구,10060
5,서초구,강동구,235
5,서초구,강북구,28
5,서초구,강서구,251
5,서초구,관악구,1336
5,서초구,광진구,667
5,서초구,구로구,135
5,서초구,금천구,19
5,서초구,노원구,43
5,서초구,도봉구,12
5,서초구,동대문구,295
5,서초구,동작구,5809
5,서초구,마포구,821
5,서초구,서대문구,106
5,서초구,서초구,62059
5,서초구,성동구,1154
5,서초구,성북구,168
5,서초구,송파구,2043
5,서초구,양천구,98
5,서초구,영등포구,2267
5,서초구,용산구,2433
5,서초구,은평구,57
5,서초구,종로구,44
5,서초구,중구,137
5,서초구,중랑구,106
5,성동구,강남구,1533
5,성동구,강동구,392
5,성동구,강북구,311
5,성동구,강서구,47
5,성동구,관악구,12
5,성동구,광진구,18143
5,성동구,구로구,9
5,성동구,금천구,4
5,성동구,노원구,1040
5,성동구,도봉구,236
5,성동구,동대문구,11703
5,성동구,동작구,349
5,성동구,마포구,567
5,성동구,서대문구,88
5,성동구,서초구,1314
5,성동구,성동구,63112
5,성동구,성북구,3205
5,성동구,송파구,1173
5,성동구,양천구,30
5,성동구,영등포구,382
5,성동구,용산구,2162
5,성동구,은평구,62
5,성동구,종로구,2438
5,성동구,중구,3205
5,성동구,중랑구,2143
5,성북구,강남구,80
5,성북구,강동구,20
5,성북구,강북구,3848
5,성북구,강서구,2
5,성북구,관악구,1
5,성북구,광진구,553
5,성북구,구로구,4
5,성북구,금천구,1
5,성북구,노원구,4981
5,성북구,도봉구,876
5,성북구,동대문구,8960
5,성북구,동작구,57
5,성북구,마포구,47
5,성북구,서대문구,42
5,성북구,서초구,142
5,성북구,성동구,2974
5,성북구,성북구,41622
5,성북구,송파구,106
5,성북구,양천구,1
5,성북구,영등포구,38
5,성북구,용산구,182
5,성북구,은평구,7
5,성북구,종로구,6013
5,성북구,중구,2254
5,성북구,중랑구,1140
5,송파구,강남구,10812
5,송파구,강동구,19447
5,송파구,강북구,1
5,송파구,강서구,20
5,송파구,관악구,14
5,송파구,광진구,4690
5,송파구,구로구,7
5,송파구,노원구,40
5,송파구,도봉구,4
5,송파구,동대문구,244
5,송파구,동작구,224
5,송파구,마포구,109
5,송파구,서대문구,11
5,송파구,서초구,1606
5,송파구,성동구,962
5,송파구,성북구,82
5,송파구,송파구,219715
5,송파구,양천구,10
5,송파구,영등포구,258
5,송파구,용산구,279
5,송파구,종로구,52
5,송파구,중구,36
5,송파구,중랑구,134
5,양천구,강남구,10
5,양천구,강동구,1
5,양천구,강서구,14250
5,양천구,관악구,653
5,양천구,광진구,1
5,양천구,구로구,7884
5,양천구,금천구,1246
5,양천구,동대문구,2
5,양천구,동작구,313
5,양천구,마포구,633
5,양천구,서대문구,89
5,양천구,서초구,96
5,양천구,성동구,21
5,양천구,송파구,12
5,양천구,양천구,117940
5,양천구,영등포구,8685
5,양천구,용산구,72
5,양천구,은평구,35
5,양천구,종로구,12
5,양천구,중구,13
5,양천구,중랑구,1
5,영등포구,강남구,595
5,영등포구,강동구,63
5,영등포구,강북구,7
5,영등포구,강서구,6531
5,영등포구,관악구,3632
5,영등포구,광진구,240
5,영등포구,구로구,13561
5,영등포구,금천구,1518
5,영등포구,노원구,53
5,영등포구,도봉구,5
5,영등포구,동대문구,121
5,영등포구,동작구,9193
5,영등포구,마포구,7922
5,영등포구,서대문구,881
5,영등포구,서초구,2671
5,영등포구,성동구,493
5,영등포구,성북구,63
5,영등포구,송파구,373
5,영등포구,양천구,9127
5,영등포구,영등포구,165591
5,영등포구,용산구,2795
5,영등포구,은평구,398
5,영등포구,종로구,148
5,영등포구,중구,239
5,영등포구,중랑구,37
5,용산구,강남구,818
5,용산구,강동구,47
5,용산구,강북구,46
5,용산구,강서구,244
5,용산구,관악구,200
5,용산구,광진구,615
5,용산구,구로구,199
5,용산구,금천구,28
5,용산구,노원구,51
5,용산구,도봉구,17
5,용산구,동대문구,559
5,용산구,동작구,4606
5,용산구,마포구,3918
5,용산구,서대문구,585
5,용산구,서초구,2814
5,용산구,성동구,2287
5,용산구,성북구,233
5,용산구,송파구,381
5,용산구,양천구,102
5,용산구,영등포구,2874
5,용산구,용산구,42445
5,용산구,은평구,231
5,용산구,종로구,932
5,용산구,중구,2691
5,용산구,중랑구,120
5,은평구,강남구,29
5,은평구,강동구,1
5,은평구,강북구,8
5,은평구,강서구,115
5,은평구,관악구,9
5,은평구,광진구,6
5,은평구,구로구,47
5,은평구,금천구,3
5,은평구,동대문구,5
5,은평구,동작구,37
5,은평구,마포구,7882
5,은평구,서대문구,5058
5,은평구,서초구,39
5,은평구,성동구,40
5,은평구,성북구,2
5,은평구,송파구,3
5,은평구,양천구,75
5,은평구,영등포구,221
5,은평구,용산구,110
5,은평구,은평구,61208
5,은평구,종로구,273
5,은평구,중구,145
5,은평구,중랑구,7
5,종로구,강남구,107
5,종로구,강동구,67
5,종로구,강북구,223
5,종로구,강서구,52
5,종로구,관악구,10
5,종로구,광진구,315
5,종로구,구로구,47
5,종로구,노원구,134
5,종로구,도봉구,36
5,종로구,동대문구,3951
5,종로구,동작구,117
5,종로구,마포구,1114
5,종로구,서대문구,3022
5,종로구,서초구,93
5,종로구,성동구,2870
5,종로구,성북구,6109
5,종로구,송파구,117
5,종로구,양천구,49
5,종로구,영등포구,337
5,종로구,용산구,1167
5,종로구,은평구,637
5,종로구,종로구,62489
5,종로구,중구,19341
5,종로구,중랑구,255
5,중구,강남구,153
5,중구,강동구,53
5,중구,강북구,162
5,중구,강서구,112
5,중구,관악구,33
5,중구,광진구,482
5,중구,구로구,17
5,중구,금천구,11
5,중구,노원구,116
5,중구,도봉구,65
5,중구,동대문구,3768
5,중구,동작구,355
5,중구,마포구,1272
5,중구,서대문구,1878
5,중구,서초구,200
5,중구,성동구,4228
5,중구,성북구,2803
5,중구,송파구,116
5,중구,양천구,42
5,중구,영등포구,391
5,중구,용산구,3260
5,중구,은평구,189
5,중구,종로구,18383
5,중구,중구,28557
5,중구,중랑구,283
5,중랑구,강남구,57
5,중랑구,강동구,56
5,중랑구,강북구,336
5,중랑구,강서구,1
5,중랑구,광진구,2312
5,중랑구,노원구,7637
5,중랑구,도봉구,421
5,중랑구,동대문구,6113
5,중랑구,동작구,15
5,중랑구,마포구,9
5,중랑구,서대문구,7
5,중랑구,서초구,68
5,중랑구,성동구,1640
5,중랑구,성북구,1002
5,중랑구,송파구,59
5,중랑구,양천구,1
5,중랑구,영등포구,5
5,중랑구,용산구,62
5,중랑구,종로구,113
5,중랑구,중구,118
5,중랑구,중랑구,61236
6,강남구,강남구,48006
6,강남구,강동구,871
6,강남구,강북구,4
6,강남구,강서구,61
6,강남구,관악구,138
6,강남구,광진구,1305
6,강남구,구로구,19
6,강남구,금천구,4
6,강남구,노원구,59
6,강남구,도봉구,4
6,강남구,동대문구,354
6,강남구,동작구,492
6,강남구,마포구,274
6,강남구,서대문구,71
6,강남구,서초구,8261
6,강남구,성동구,1262
6,강남구,성북구,118
6,강남구,송파구,9918
6,강남구,양천구,18
6,강남구,영등포구,490
6,강남구,용산구,788
6,강남구,은평구,36
6,강남구,종로구,53
6,강남구,중구,96
6,강남구,중랑구,149
6,강동구,강남구,558
6,강동구,강동구,88512
6,강동구,강북구,6
6,강동구,강서구,5
6,강동구,관악구,1
6,강동구,광진구,1439
6,강동구,노원구,13
6,강동구,도봉구,3
6,강동구,동대문구,55
6,강동구,동작구,23
6,강동구,마포구,16
6,강동구,서대문구,1
6,강동구,서초구,118
6,강동구,성동구,187
6,강동구,성북구,12
6,강동구,송파구,15303
6,강동구,양천구,1
6,강동구,영등포구,30
6,강동구,용산구,35
6,강동구,은평구,1
6,강동구,종로구,25
6,강동구,중구,13
6,강동구,중랑구,24
6,강북구,강남구,7
6,강북구,강북구,24639
6,강북구,강서구,3
6,강북구,관악구,1
6,강북구,광진구,77
6,강북구,구로구,2
6,강북구,노원구,2164
6,강북구,도봉구,5052
6,강북구,동대문구,415
6,강북구,동작구,11
6,강북구,마포구,198
6,강북구,서대문구,102
6,강북구,서초구,14
6,강북구,성동구,188
6,강북구,성북구,3112
6,강북구,송파구,15
6,강북구,영등포구,9
6,강북구,용산구,17
6,강북구,은평구,9
6,강북구,종로구,139
6,강북구,중구,83
6,강북구,중랑구,250
6,강서구,강남구,23
6,강서구,강동구,5
6,강서구,강북구,6
6,강서구,강서구,252104
6,강서구,관악구,245
6,강서구,광진구,7
6,강서구,구로구,887
6,강서구,금천구,307
6,강서구,동대문구,9
6,강서구,동작구,219
6,강서구,마포구,1251
6,강서구,서대문구,198
6,강서구,서초구,199
6,강서구,성동구,24
6,강서구,성북구,2
6,강서구,송파구,25
6,강서구,양천구,12947
6,강서구,영등포구,3983
6,강서구,용산구,157
6,강서구,은평구,141
6,강서구,종로구,4
6,강서구,중구,36
6,강서구,중랑구,2
6,관악구,강남구,49
6,관악구,강동구,4
6,관악구,강서구,241
6,관악구,관악구,53295
6,관악구,광진구,6
6,관악구,구로구,5826
6,관악구,금천구,1638
6,관악구,노원구,1
6,관악구,동대문구,5
6,관악구,동작구,4663
6,관악구,마포구,130
6,관악구,서대문구,14
6,관악구,서초구,1027
6,관악구,성동구,32
6,관악구,성북구,4
6,관악구,송파구,21
6,관악구,양천구,529
6,관악구,영등포구,2975
6,관악구,용산구,142
6,관악구,은평구,4
6,관악구,종로구,7
6,관악구,중구,12
6,관악구,중랑구,3
6,광진구,강남구,936
6,광진구,강동구,1663
6,광진구,강북구,76
6,광진구,강서구,6
6,광진구,관악구,6
6,광진구,광진구,88124
6,광진구,구로구,2
6,광진구,노원구,815
6,광진구,도봉구,110
6,광진구,동대문구,3391
6,광진구,동작구,82
6,광진구,마포구,99
6,광진구,서대문구,14
6,광진구,서초구,332
6,광진구,성동구,15103
6,광진구,성북구,331
6,광진구,송파구,3228
6,광진구,영등포구,81
6,광진구,용산구,367
6,광진구,은평구,5
6,광진구,종로구,99
6,광진구,중구,152
6,광진구,중랑구,2223
6,구로구,강남구,10
6,구로구,강동구,1
6,구로구,강북구,1
6,구로구,강서구,953
6,구로구,관악구,5692
6,구로구,광진구,7
6,구로구,구로구,60981
6,구로구,금천구,6301
6,구로구,노원구,1
6,구로구,동대문구,1
6,구로구,동작구,1409
6,구로구,마포구,333
6,구로구,서대문구,56
6,구로구,서초구,58
6,구로구,성동구,12
6,구로구,성북구,5
6,구로구,송파구,10
6,구로구,양천구,7168
6,구로구,영등포구,11465
6,구로구,용산구,68
6,구로구,은평구,84
6,구로구,종로구,17
6,구로구,중구,15
6,구로구,중랑구,2
6,금천구,강남구,4
6,금천구,강서구,347
6,금천구,관악구,1634
6,금천구,광진구,5
6,금천구,구로구,5584
6,금천구,금천구,30851
6,금천구,동대문구,1
6,금천구,동작구,390
6,금천구,마포구,106
6,금천구,서대문구,13
6,금천구,서초구,24
6,금천구,성동구,2
6,금천구,성북구,1
6,금천구,송파구,3
6,금천구,양천구,996
6,금천구,영등포구,1343
6,금천구,용산구,27
6,금천구,은평구,15
6,금천구,종로구,2
6,금천구,중구,1
6,금천구,중랑구,1
6,노원구,강남구,24
6,노원구,강동구,9
6,노원구,강북구,1987
6,노원구,광진구,642
6,노원구,노원구,112460
6,노원구,도봉구,10925
6,노원구,동대문구,1294
6,노원구,동작구,10
6,노원구,마포구,3
6,노원구,서초구,32
6,노원구,성동구,488
6,노원구,성북구,4134
6,노원구,송파구,18
6,노원구,영등포구,8
6,노원구,용산구,44
6,노원구,은평구,3
6,노원구,종로구,58
6,노원구,중구,42
6,노원구,중랑구,6445
6,도봉구,강남구,3
6,도봉구,강동구,1
6,도봉구,강북구,4758
6,도봉구,광진구,97
6,도봉구,노원구,10597
6,도봉구,도봉구,31889
6,도봉구,동대문구,407
6,도봉구,동작구,17
6,도봉구,서초구,8
6,도봉구,성동구,181
6,도봉구,성북구,647
6,도봉구,송파구,6
6,도봉구,영등포구,14
6,도봉구,용산구,6
6,도봉구,종로구,18
6,도봉구,중구,26
6,도봉구,중랑구,420
6,동대문구,강남구,222
6,동대문구,강동구,41
6,동대문구,강북구,496
6,동대문구,강서구,3
6,동대문구,광진구,2607
6,동대문구,노원구,1450
6,동대문구,도봉구,390
6,동대문구,동대문구,56199
6,동대문구,동작구,40
6,동대문구,마포구,101
6,동대문구,서대문구,50
6,동대문구,서초구,132
6,동대문구,성동구,8575
6,동대문구,성북구,7738
6,동대문구,송파구,149
6,동대문구,영등포구,38
6,동대문구,용산구,211
6,동대문구,은평구,7
6,동대문구,종로구,2919
6,동대문구,중구,2397
6,동대문구,중랑구,5081
6,동작구,강남구,386
6,동작구,강동구,27
6,동작구,강북구,2
6,동작구,강서구,226
6,동작구,관악구,4491
6,동작구,광진구,104
6,동작구,구로구,1548
6,동작구,금천구,406
6,동작구,노원구,10
6,동작구,도봉구,13
6,동작구,동대문구,52
6,동작구,동작구,29406
6,동작구,마포구,572
6,동작구,서대문구,49
6,동작구,서초구,4590
6,동작구,성동구,248
6,동작구,성북구,27
6,동작구,송파구,215
6,동작구,양천구,289
6,동작구,영등포구,7660
6,동작구,용산구,3298
6,동작구,은평구,28
6,동작구,종로구,68
6,동작구,중구,186
6,동작구,중랑구,18
6,마포구,강남구,218
6,마포구,강동구,13
6,마포구,강북구,181
6,마포구,강서구,1881
6,마포구,관악구,169
6,마포구,광진구,106
6,마포구,구로구,465
6,마포구,금천구,96
6,마포구,노원구,28
6,마포구,도봉구,10
6,마포구,동대문구,103
6,마포구,동작구,649
6,마포구,마포구,100389
6,마포구,서대문구,15042
6,마포구,서초구,654
6,마포구,성동구,501
6,마포구,성북구,53
6,마포구,송파구,103
6,마포구,양천구,828
6,마포구,영등포구,5882
6,마포구,용산구,2993
6,마포구,은평구,7089
6,마포구,종로구,592
6,마포구,중구,683
6,마포구,중랑구,46
6,서대문구,강남구,37
6,서대문구,강동구,2
6,서대문구,강북구,126
6,서대문구,강서구,217
6,서대문구,관악구,15
6,서대문구,광진구,10
6,서대문구,구로구,61
6,서대문구,금천구,4
6,서대문구,노원구,2
6,서대문구,도봉구,1
6,서대문구,동대문구,45
6,서대문구,동작구,77
6,서대문구,마포구,16769
6,서대문구,서대문구,27185
6,서대문구,서초구,86
6,서대문구,성동구,79
6,서대문구,성북구,38
6,서대문구,송파구,21
6,서대문구,양천구,133
6,서대문구,영등포구,850
6,서대문구,용산구,596
6,서대문구,은평구,4668
6,서대문구,종로구,1617
6,서대문구,중구,1546
6,서대문구,중랑구,14
6,서초구,강남구,8115
6,서초구,강동구,196
6,서초구,강북구,16
6,서초구,강서구,221
6,서초구,관악구,1070
6,서초구,광진구,469
6,서초구,구로구,66
6,서초구,금천구,17
6,서초구,노원구,49
6,서초구,도봉구,11
6,서초구,동대문구,204
6,서초구,동작구,4672
6,서초구,마포구,595
6,서초구,서대문구,104
6,서초구,서초구,53055
6,서초구,성동구,836
6,서초구,성북구,85
6,서초구,송파구,1507
6,서초구,양천구,72
6,서초구,영등포구,1615
6,서초구,용산구,1797
6,서초구,은평구,41
6,서초구,종로구,55
6,서초구,중구,86
6,서초구,중랑구,69
6,성동구,강남구,1218
6,성동구,강동구,312
6,성동구,강북구,251
6,성동구,강서구,40
6,성동구,관악구,15
6,성동구,광진구,14655
6,성동구,구로구,19
6,성동구,금천구,2
6,성동구,노원구,729
6,성동구,도봉구,200
6,성동구,동대문구,9597
6,성동구,동작구,282
6,성동구,마포구,467
6,성동구,서대문구,59
6,성동구,서초구,835
6,성동구,성동구,54492
6,성동구,성북구,2488
6,성동구,송파구,845
6,성동구,양천구,21
6,성동구,영등포구,268
6,성동구,용산구,1519
6,성동구,은평구,48
6,성동구,종로구,2114
6,성동구,중구,2829
6,성동구,중랑구,1619
6,성북구,강남구,66
6,성북구,강동구,11
6,성북구,강북구,3091
6,성북구,강서구,2
6,성북구,관악구,1
6,성북구,광진구,343
6,성북구,노원구,4191
6,성북구,도봉구,754
6,성북구,동대문구,7532
6,성북구,동작구,34
6,성북구,마포구,36
6,성북구,서대문구,36
6,성북구,서초구,110
6,성북구,성동구,2371
6,성북구,성북구,36858
6,성북구,송파구,67
6,성북구,양천구,1
6,성북구,영등포구,30
6,성북구,용산구,120
6,성북구,은평구,3
6,성북구,종로구,5053
6,성북구,중구,1846
6,성북구,중랑구,938
6,송파구,강남구,8591
6,송파구,강동구,16591
6,송파구,강북구,3
6,송파구,강서구,14
6,송파구,관악구,27
6,송파구,광진구,3446
6,송파구,구로구,5
6,송파구,금천구,4
6,송파구,노원구,26
6,송파구,도봉구,15
6,송파구,동대문구,171
6,송파구,동작구,172
6,송파구,마포구,94
6,송파구,서대문구,8
6,송파구,서초구,1195
6,송파구,성동구,719
6,송파구,성북구,81
6,송파구,송파구,190686
6,송파구,양천구,9
6,송파구,영등포구,191
6,송파구,용산구,230
6,송파구,은평구,4
6,송파구,종로구,41
6,송파구,중구,47
6,송파구,중랑구,94
6,양천구,강남구,10
6,양천구,강북구,1
6,양천구,강서구,13033
6,양천구,관악구,500
6,양천구,광진구,2
6,양천구,구로구,7086
6,양천구,금천구,917
6,양천구,노원구,3
6,양천구,동대문구,1
6,양천구,동작구,271
6,양천구,마포구,445
6,양천구,서대문구,65
6,양천구,서초구,69
6,양천구,성동구,13
6,양천구,성북구,1
6,양천구,송파구,6
6,양천구,양천구,117179
6,양천구,영등포구,7477
6,양천구,용산구,49
6,양천구,은평구,52
6,양천구,종로구,20
6,양천구,중구,6
6,영등포구,강남구,428
6,영등포구,강동구,40
6,영등포구,강북구,6
6,영등포구,강서구,5023
6,영등포구,관악구,3003
6,영등포구,광진구,160
6,영등포구,구로구,12101
6,영등포구,금천구,1122
6,영등포구,노원구,35
6,영등포구,도봉구,7
6,영등포구,동대문구,76
6,영등포구,동작구,7448
6,영등포구,마포구,5845
6,영등포구,서대문구,656
6,영등포구,서초구,1794
6,영등포구,성동구,393
6,영등포구,성북구,71
6,영등포구,송파구,288
6,영등포구,양천구,7807
6,영등포구,영등포구,147816
6,영등포구,용산구,2086
6,영등포구,은평구,304
6,영등포구,종로구,128
6,영등포구,중구,198
6,영등포구,중랑구,20
6,용산구,강남구,579
6,용산구,강동구,34
6,용산구,강북구,46
6,용산구,강서구,212
6,용산구,관악구,165
6,용산구,광진구,492
6,용산구,구로구,153
6,용산구,금천구,32
6,용산구,노원구,45
6,용산구,도봉구,13
6,용산구,동대문구,376
6,용산구,동작구,3536
6,용산구,마포구,3286
6,용산구,서대문구,511
6,용산구,서초구,1888
6,용산구,성동구,1762
6,용산구,성북구,177
6,용산구,송파구,255
6,용산구,양천구,62
6,용산구,영등포구,2291
6,용산구,용산구,36988
6,용산구,은평구,173
6,용산구,종로구,807
6,용산구,중구,2209
6,용산구,중랑구,99
6,은평구,강남구,28
6,은평구,강동구,2
6,은평구,강북구,17
6,은평구,강서구,85
6,은평구,관악구,10
6,은평구,광진구,3
6,은평구,구로구,49
6,은평구,금천구,1
6,은평구,노원구,1
6,은평구,도봉구,1
6,은평구,동대문구,8
6,은평구,동작구,21
6,은평구,마포구,6029
6,은평구,서대문구,4328
6,은평구,서초구,23
6,은평구,성동구,31
6,은평구,성북구,4
6,은평구,양천구,42
6,은평구,영등포구,201
6,은평구,용산구,80
6,은평구,은평구,55287
6,은평구,종로구,157
6,은평구,중구,101
6,은평구,중랑구,6
6,종로구,강남구,77
6,종로구,강동구,38
6,종로구,강북구,214
6,종로구,강서구,42
6,종로구,관악구,19
6,종로구,광진구,219
6,종로구,구로구,33
6,종로구,금천구,1
6,종로구,노원구,100
6,종로구,도봉구,27
6,종로구,동대문구,3236
6,종로구,동작구,108
6,종로구,마포구,841
6,종로구,서대문구,2458
6,종로구,서초구,75
6,종로구,성동구,2437
6,종로구,성북구,5104
6,종로구,송파구,73
6,종로구,양천구,24
6,종로구,영등포구,272
6,종로구,용산구,970
6,종로구,은평구,543
6,종로구,종로구,51608
6,종로구,중구,16855
6,종로구,중랑구,208
6,중구,강남구,96
6,중구,강동구,48
6,중구,강북구,121
6,중구,강서구,64
6,중구,관악구,18
6,중구,광진구,395
6,중구,구로구,16
6,중구,금천구,1
6,중구,노원구,129
6,중구,도봉구,47
6,중구,동대문구,3196
6,중구,동작구,264
6,중구,마포구,1081
6,중구,서대문구,1489
6,중구,서초구,197
6,중구,성동구,3672
6,중구,성북구,2222
6,중구,송파구,89
6,중구,양천구,25
6,중구,영등포구,338
6,중구,용산구,2749
6,중구,은평구,162
6,중구,종로구,15680
6,중구,중구,25635
6,중구,중랑구,232
6,중랑구,강남구,28
6,중랑구,강동구,41
6,중랑구,강북구,254
6,중랑구,광진구,1695
6,중랑구,노원구,6048
6,중랑구,도봉구,330
6,중랑구,동대문구,5013
6,중랑구,동작구,7
6,중랑구,마포구,9
6,중랑구,서대문구,5
6,중랑구,서초구,50
6,중랑구,성동구,1198
6,중랑구,성북구,804
6,중랑구,송파구,43
6,중랑구,영등포구,12
6,중랑구,용산구,70
6,중랑구,종로구,96
6,중랑구,중구,126
6,중랑구,중랑구,54073
7,강남구,강남구,46852
7,강남구,강동구,820
7,강남구,강북구,9
7,강남구,강서구,61
7,강남구,관악구,125
7,강남구,광진구,1244
7,강남구,구로구,36
7,강남구,금천구,4
7,강남구,노원구,57
7,강남구,도봉구,8
7,강남구,동대문구,317
7,강남구,동작구,482
7,강남구,마포구,248
7,강남구,서대문구,75
7,강남구,서초구,7604
7,강남구,성동구,1175
7,강남구,성북구,103
7,강남구,송파구,8453
7,강남구,양천구,8
7,강남구,영등포구,358
7,강남구,용산구,621
7,강남구,은평구,53
7,강남구,종로구,39
7,강남구,중구,75
7,강남구,중랑구,137
7,강동구,강남구,454
7,강동구,강동구,87736
7,강동구,강북구,1
7,강동구,강서구,5
7,강동구,관악구,1
7,강동구,광진구,1170
7,강동구,금천구,1
7,강동구,노원구,6
7,강동구,도봉구,1
7,강동구,동대문구,31
7,강동구,동작구,36
7,강동구,마포구,17
7,강동구,서대문구,1
7,강동구,서초구,78
7,강동구,성동구,148
7,강동구,성북구,3
7,강동구,송파구,13583
7,강동구,영등포구,17
7,강동구,용산구,20
7,강동구,종로구,21
7,강동구,중구,9
7,강동구,중랑구,40
7,강북구,강남구,7
7,강북구,강동구,2
7,강북구,강북구,24218
7,강북구,광진구,69
7,강북구,노원구,2012
7,강북구,도봉구,4828
7,강북구,동대문구,401
7,강북구,동작구,2
7,강북구,마포구,6
7,강북구,서대문구,1
7,강북구,서초구,4
7,강북구,성동구,161
7,강북구,성북구,2804
7,강북구,송파구,11
7,강북구,영등포구,10
7,강북구,용산구,8
7,강북구,종로구,136
7,강북구,중구,66
7,강북구,중랑구,215
7,강서구,강남구,28
7,강서구,강동구,5
7,강서구,강서구,254812
7,강서구,관악구,214
7,강서구,광진구,7
7,강서구,구로구,823
7,강서구,금천구,225
7,강서구,동대문구,7
7,강서구,동작구,172
7,강서구,마포구,789
7,강서구,서대문구,151
7,강서구,서초구,114
7,강서구,성동구,30
7,강서구,성북구,1
7,강서구,송파구,25
7,강서구,양천구,11971
7,강서구,영등포구,3230
7,강서구,용산구,138
7,강서구,은평구,126
7,강서구,종로구,4
7,강서구,중구,31
7,강서구,중랑구,3
7,관악구,강남구,52
7,관악구,강동구,2
7,관악구,강서구,200
7,관악구,관악구,53193
7,관악구,광진구,9
7,관악구,구로구,4999
7,관악구,금천구,1480
7,관악구,노원구,2
7,관악구,동대문구,3
7,관악구,동작구,4874
7,관악구,마포구,64
7,관악구,서대문구,19
7,관악구,서초구,911
7,관악구,성동구,14
7,관악구,성북구,12
7,관악구,송파구,22
7,관악구,양천구,489
7,관악구,영등포구,2553
7,관악구,용산구,115
7,관악구,은평구,10
7,관악구,종로구,2
7,관악구,중구,10
7,광진구,강남구,670
7,광진구,강동구,1351
7,광진구,강북구,48
7,광진구,강서구,6
7,광진구,관악구,9
7,광진구,광진구,82411
7,광진구,구로구,1
7,광진구,노원구,676
7,광진구,도봉구,127
7,광진구,동대문구,2982
7,광진구,동작구,80
7,광진구,마포구,71
7,광진구,서대문구,6
7,광진구,서초구,288
7,광진구,성동구,14627
7,광진구,성북구,242
7,광진구,송파구,2716
7,광진구,영등포구,76
7,광진구,용산구,295
7,광진구,은평구,7
7,광진구,종로구,62
7,광진구,중구,135
7,광진구,중랑구,1942
7,구로구,강남구,18
7,구로구,강서구,816
7,구로구,관악구,4920
7,구로구,광진구,14
7,구로구,구로구,61311
7,구로구,금천구,5882
7,구로구,동대문구,1
7,구로구,동작구,1457
7,구로구,마포구,278
7,구로구,서대문구,46
7,구로구,서초구,48
7,구로구,성동구,10
7,구로구,송파구,9
7,구로구,양천구,6096
7,구로구,영등포구,11081
7,구로구,용산구,62
7,구로구,은평구,80
7,구로구,종로구,4
7,구로구,중구,6
7,구로구,중랑구,1
7,금천구,강남구,3
7,금천구,강서구,229
7,금천구,관악구,1384
7,금천구,구로구,5498
7,금천구,금천구,31729
7,금천구,노원구,1
7,금천구,동작구,362
7,금천구,마포구,107
7,금천구,서대문구,9
7,금천구,서초구,26
7,금천구,성동구,14
7,금천구,송파구,4
7,금천구,양천구,859
7,금천구,영등포구,1113
7,금천구,용산구,25
7,금천구,은평구,23
7,금천구,종로구,1
7,금천구,중구,1
7,금천구,중랑구,1
7,노원구,강남구,24
7,노원구,강동구,5
7,노원구,강북구,1838
7,노원구,광진구,482
7,노원구,노원구,113725
7,노원구,도봉구,10123
7,노원구,동대문구,1137
7,노원구,동작구,8
7,노원구,마포구,4
7,노원구,서대문구,1
7,노원구,서초구,20
7,노원구,성동구,447
7,노원구,성북구,3462
7,노원구,송파구,15
7,노원구,영등포구,4
7,노원구,용산구,32
7,노원구,종로구,77
7,노원구,중구,29
7,노원구,중랑구,5923
7,도봉구,강남구,10
7,도봉구,강동구,1
7,도봉구,강북구,4442
7,도봉구,광진구,132
7,도봉구,노원구,9979
7,도봉구,도봉구,31417
7,도봉구,동대문구,394
7,도봉구,동작구,2
7,도봉구,서초구,6
7,도봉구,성동구,177
7,도봉구,성북구,570
7,도봉구,영등포구,16
7,도봉구,용산구,10
7,도봉구,종로구,14
7,도봉구,중구,11
7,도봉구,중랑구,386
7,동대문구,강남구,145
7,동대문구,강동구,45
7,동대문구,강북구,400
7,동대문구,강서구,2
7,동대문구,관악구,2
7,동대문구,광진구,2317
7,동대문구,구로구,2
7,동대문구,노원구,1265
7,동대문구,도봉구,380
7,동대문구,동대문구,55237
7,동대문구,동작구,32
7,동대문구,마포구,112
7,동대문구,서대문구,33
7,동대문구,서초구,83
7,동대문구,성동구,8046
7,동대문구,성북구,6927
7,동대문구,송파구,110
7,동대문구,양천구,2
7,동대문구,영등포구,55
7,동대문구,용산구,223
7,동대문구,은평구,6
7,동대문구,종로구,2601
7,동대문구,중구,2018
7,동대문구,중랑구,4643
7,동작구,강남구,307
7,동작구,강동구,15
7,동작구,강북구,1
7,동작구,강서구,191
7,동작구,관악구,4602
7,동작구,광진구,99
7,동작구,구로구,1571
7,동작구,금천구,409
7,동작구,노원구,5
7,동작구,도봉구,20
7,동작구,동대문구,65
7,동작구,동작구,30052
7,동작구,마포구,430
7,동작구,서대문구,41
7,동작구,서초구,4226
7,동작구,성동구,231
7,동작구,성북구,33
7,동작구,송파구,141
7,동작구,양천구,225
7,동작구,영등포구,7055
7,동작구,용산구,2631
7,동작구,은평구,18
7,동작구,종로구,44
7,동작구,중구,161
7,동작구,중랑구,17
7,마포구,강남구,184
7,마포구,강동구,17
7,마포구,강북구,2
7,마포구,강서구,1434
7,마포구,관악구,121
7,마포구,광진구,88
7,마포구,구로구,398
7,마포구,금천구,107
7,마포구,노원구,28
7,마포구,도봉구,3
7,마포구,동대문구,134
7,마포구,동작구,511
7,마포구,마포구,96532
7,마포구,서대문구,13961
7,마포구,서초구,523
7,마포구,성동구,432
7,마포구,성북구,53
7,마포구,송파구,94
7,마포구,양천구,618
7,마포구,영등포구,4573
7,마포구,용산구,2552
7,마포구,은평구,6588
7,마포구,종로구,467
7,마포구,중구,624
7,마포구,중랑구,31
7,서대문구,강남구,39
7,서대문구,강동구,11
7,서대문구,강북구,1
7,서대문구,강서구,165
7,서대문구,관악구,9
7,서대문구,광진구,11
7,서대문구,구로구,60
7,서대문구,금천구,3
7,서대문구,노원구,3
7,서대문구,동대문구,47
7,서대문구,동작구,83
7,서대문구,마포구,15798
7,서대문구,서대문구,26870
7,서대문구,서초구,54
7,서대문구,성동구,56
7,서대문구,성북구,28
7,서대문구,송파구,17
7,서대문구,양천구,121
7,서대문구,영등포구,625
7,서대문구,용산구,554
7,서대문구,은평구,4259
7,서대문구,종로구,1533
7,서대문구,중구,1702
7,서대문구,중랑구,17
7,서초구,강남구,7367
7,서초구,강동구,165
7,서초구,강북구,21
7,서초구,강서구,202
7,서초구,관악구,955
7,서초구,광진구,428
7,서초구,구로구,62
7,서초구,금천구,15
7,서초구,노원구,49
7,서초구,도봉구,8
7,서초구,동대문구,138
7,서초구,동작구,4293
7,서초구,마포구,520
7,서초구,서대문구,66
7,서초구,서초구,53603
7,서초구,성동구,722
7,서초구,성북구,94
7,서초구,송파구,1302
7,서초구,양천구,47
7,서초구,영등포구,1252
7,서초구,용산구,1406
7,서초구,은평구,36
7,서초구,종로구,35
7,서초구,중구,74
7,서초구,중랑구,82
7,성동구,강남구,986
7,성동구,강동구,187
7,성동구,강북구,195
7,성동구,강서구,58
7,성동구,관악구,11
7,성동구,광진구,13966
7,성동구,구로구,8
7,성동구,금천구,3
7,성동구,노원구,645
7,성동구,도봉구,202
7,성동구,동대문구,9093
7,성동구,동작구,234
7,성동구,마포구,389
7,성동구,서대문구,58
7,성동구,서초구,656
7,성동구,성동구,54241
7,성동구,성북구,2253
7,성동구,송파구,746
7,성동구,양천구,15
7,성동구,영등포구,249
7,성동구,용산구,1231
7,성동구,은평구,53
7,성동구,종로구,2033
7,성동구,중구,2496
7,성동구,중랑구,1334
7,성북구,강남구,53
7,성북구,강동구,11
7,성북구,강북구,2811
7,성북구,강서구,1
7,성북구,광진구,251
7,성북구,노원구,3732
7,성북구,도봉구,635
7,성북구,동대문구,7007
7,성북구,동작구,48
7,성북구,마포구,25
7,성북구,서대문구,26
7,성북구,서초구,90
7,성북구,성동구,1974
7,성북구,성북구,34867
7,성북구,송파구,61
7,성북구,영등포구,13
7,성북구,용산구,128
7,성북구,은평구,7
7,성북구,종로구,4566
7,성북구,중구,1611
7,성북구,중랑구,841
7,송파구,강남구,7142
7,송파구,강동구,15154
7,송파구,강북구,7
7,송파구,강서구,9
7,송파구,관악구,26
7,송파구,광진구,2925
7,송파구,구로구,5
7,송파구,노원구,40
7,송파구,도봉구,10
7,송파구,동대문구,175
7,송파구,동작구,110
7,송파구,마포구,64
7,송파구,서대문구,7
7,송파구,서초구,992
7,송파구,성동구,556
7,송파구,성북구,82
7,송파구,송파구,181812
7,송파구,양천구,10
7,송파구,영등포구,157
7,송파구,용산구,169
7,송파구,은평구,1
7,송파구,종로구,48
7,송파구,중구,35
7,송파구,중랑구,57
7,양천구,강남구,10
7,양천구,강서구,12192
7,양천구,관악구,396
7,양천구,광진구,1
7,양천구,구로구,6110
7,양천구,금천구,684
7,양천구,동대문구,3
7,양천구,동작구,221
7,양천구,마포구,338
7,양천구,서대문구,70
7,양천구,서초구,49
7,양천구,성동구,15
7,양천구,성북구,1
7,양천구,송파구,4
7,양천구,양천구,122605
7,양천구,영등포구,6828
7,양천구,용산구,44
7,양천구,은평구,53
7,양천구,종로구,22
7,양천구,중구,4
7,영등포구,강남구,317
7,영등포구,강동구,42
7,영등포구,강북구,1
7,영등포구,강서구,4126
7,영등포구,관악구,2538
7,영등포구,광진구,136
7,영등포구,구로구,11754
7,영등포구,금천구,1020
7,영등포구,노원구,23
7,영등포구,도봉구,5
7,영등포구,동대문구,78
7,영등포구,동작구,6946
7,영등포구,마포구,4571
7,영등포구,서대문구,568
7,영등포구,서초구,1270
7,영등포구,성동구,352
7,영등포구,성북구,62
7,영등포구,송파구,224
7,영등포구,양천구,7338
7,영등포구,영등포구,150641
7,영등포구,용산구,1567
7,영등포구,은평구,278
7,영등포구,종로구,99
7,영등포구,중구,150
7,영등포구,중랑구,25
7,용산구,강남구,474
7,용산구,강동구,32
7,용산구,강북구,35
7,용산구,강서구,179
7,용산구,관악구,145
7,용산구,광진구,386
7,용산구,구로구,134
7,용산구,금천구,16
7,용산구,노원구,57
7,용산구,도봉구,4
7,용산구,동대문구,319
7,용산구,동작구,3084
7,용산구,마포구,2719
7,용산구,서대문구,451
7,용산구,서초구,1500
7,용산구,성동구,1389
7,용산구,성북구,139
7,용산구,송파구,208
7,용산구,양천구,69
7,용산구,영등포구,1754
7,용산구,용산구,36403
7,용산구,은평구,159
7,용산구,종로구,729
7,용산구,중구,2004
7,용산구,중랑구,83
7,은평구,강남구,26
7,은평구,강동구,1
7,은평구,강서구,79
7,은평구,관악구,10
7,은평구,구로구,72
7,은평구,금천구,10
7,은평구,노원구,1
7,은평구,도봉구,1
7,은평구,동대문구,2
7,은평구,동작구,9
7,은평구,마포구,5488
7,은평구,서대문구,3834
7,은평구,서초구,23
7,은평구,성동구,19
7,은평구,성북구,4
7,은평구,송파구,3
7,은평구,양천구,43
7,은평구,영등포구,153
7,은평구,용산구,72
7,은평구,은평구,55024
7,은평구,종로구,179
7,은평구,중구,104
7,은평구,중랑구,6
7,종로구,강남구,51
7,종로구,강동구,44
7,종로구,강북구,209
7,종로구,강서구,53
7,종로구,관악구,11
7,종로구,광진구,205
7,종로구,구로구,18
7,종로구,금천구,2
7,종로구,노원구,113
7,종로구,도봉구,43
7,종로구,동대문구,3113
7,종로구,동작구,81
7,종로구,마포구,779
7,종로구,서대문구,2370
7,종로구,서초구,77
7,종로구,성동구,2425
7,종로구,성북구,4866
7,종로구,송파구,44
7,종로구,양천구,20
7,종로구,영등포구,257
7,종로구,용산구,866
7,종로구,은평구,532
7,종로구,종로구,54568
7,종로구,중구,17658
7,종로구,중랑구,187
7,중구,강남구,82
7,중구,강동구,51
7,중구,강북구,146
7,중구,강서구,49
7,중구,관악구,39
7,중구,광진구,332
7,중구,구로구,19
7,중구,금천구,2
7,중구,노원구,113
7,중구,도봉구,34
7,중구,동대문구,3012
7,중구,동작구,254
7,중구,마포구,1015
7,중구,서대문구,1620
7,중구,서초구,163
7,중구,성동구,3448
7,중구,성북구,2036
7,중구,송파구,78
7,중구,양천구,8
7,중구,영등포구,294
7,중구,용산구,2550
7,중구,은평구,150
7,중구,종로구,16515
7,중구,중구,27135
7,중구,중랑구,174
7,중랑구,강남구,30
7,중랑구,강동구,39
7,중랑구,강북구,129
7,중랑구,강서구,3
7,중랑구,광진구,1503
7,중랑구,노원구,5679
7,중랑구,도봉구,259
7,중랑구,동대문구,4351
7,중랑구,동작구,7
7,중랑구,마포구,11
7,중랑구,서대문구,5
7,중랑구,서초구,65
7,중랑구,성동구,932
7,중랑구,성북구,825
7,중랑구,송파구,32
7,중랑구,영등포구,6
7,중랑구,용산구,59
7,중랑구,은평구,1
7,중랑구,종로구,88
7,중랑구,중구,83
7,중랑구,중랑구,53263
8,강남구,강남구,43298
8,강남구,강동구,692
8,강남구,강북구,6
8,강남구,강서구,56
8,강남구,관악구,83
8,강남구,광진구,1042
8,강남구,구로구,20
8,강남구,금천구,2
8,강남구,노원구,49
8,강남구,도봉구,9
8,강남구,동대문구,237
8,강남구,동작구,419
8,강남구,마포구,160
8,강남구,서대문구,46
8,강남구,서초구,7302
8,강남구,성동구,1056
8,강남구,성북구,74
8,강남구,송파구,7688
8,강남구,양천구,6
8,강남구,영등포구,278
8,강남구,용산구,545
8,강남구,은평구,40
8,강남구,종로구,29
8,강남구,중구,57
8,강남구,중랑구,130
8,강동구,강남구,385
8,강동구,강동구,77646
8,강동구,강북구,2
8,강동구,강서구,10
8,강동구,관악구,1
8,강동구,광진구,1071
8,강동구,노원구,6
8,강동구,도봉구,1
8,강동구,동대문구,30
8,강동구,동작구,11
8,강동구,마포구,6
8,강동구,서초구,72
8,강동구,성동구,94
8,강동구,성북구,4
8,강동구,송파구,12839
8,강동구,영등포구,15
8,강동구,용산구,18
8,강동구,종로구,9
8,강동구,중구,8
8,강동구,중랑구,32
8,강북구,강남구,5
8,강북구,강북구,20969
8,강북구,광진구,85
8,강북구,노원구,1679
8,강북구,도봉구,4262
8,강북구,동대문구,327
8,강북구,동작구,2
8,강북구,마포구,1
8,강북구,서대문구,1
8,강북구,서초구,7
8,강북구,성동구,129
8,강북구,성북구,2503
8,강북구,송파구,8
8,강북구,영등포구,11
8,강북구,용산구,9
8,강북구,은평구,1
8,강북구,종로구,98
8,강북구,중구,51
8,강북구,중랑구,178
8,강서구,강남구,18
8,강서구,강동구,1
8,강서구,강서구,220603
8,강서구,관악구,93
8,강서구,광진구,5
8,강서구,구로구,569
8,강서구,금천구,126
8,강서구,동대문구,3
8,강서구,동작구,143
8,강서구,마포구,793
8,강서구,서대문구,100
8,강서구,서초구,102
8,강서구,성동구,20
8,강서구,성북구,1
8,강서구,송파구,18
8,강서구,양천구,10548
8,강서구,영등포구,2618
8,강서구,용산구,102
8,강서구,은평구,86
8,강서구,종로구,6
8,강서구,중구,27
8,관악구,강남구,40
8,관악구,강동구,2
8,관악구,강서구,114
8,관악구,관악구,42492
8,관악구,광진구,4
8,관악구,구로구,3621
8,관악구,금천구,1128
8,관악구,동대문구,1
8,관악구,동작구,4525
8,관악구,마포구,40
8,관악구,서대문구,7
8,관악구,서초구,801
8,관악구,성동구,10
8,관악구,송파구,22
8,관악구,양천구,279
8,관악구,영등포구,1959
8,관악구,용산구,115
8,관악구,은평구,6
8,관악구,종로구,2
8,관악구,중구,10
8,관악구,중랑구,2
8,광진구,강남구,595
8,광진구,강동구,1304
8,광진구,강북구,72
8,광진구,강서구,5
8,광진구,관악구,7
8,광진구,광진구,75635
8,광진구,구로구,4
8,광진구,금천구,1
8,광진구,노원구,565
8,광진구,도봉구,102
8,광진구,동대문구,2663
8,광진구,동작구,40
8,광진구,마포구,74
8,광진구,서대문구,4
8,광진구,서초구,286
8,광진구,성동구,13043
8,광진구,성북구,196
8,광진구,송파구,2423
8,광진구,양천구,2
8,광진구,영등포구,57
8,광진구,용산구,266
8,광진구,은평구,6
8,광진구,종로구,88
8,광진구,중구,103
8,광진구,중랑구,1807
8,구로구,강남구,12
8,구로구,강동구,2
8,구로구,강서구,604
8,구로구,관악구,3679
8,구로구,광진구,12
8,구로구,구로구,52896
8,구로구,금천구,4675
8,구로구,동작구,1206
8,구로구,마포구,217
8,구로구,서대문구,25
8,구로구,서초구,39
8,구로구,성동구,6
8,구로구,송파구,13
8,구로구,양천구,5011
8,구로구,영등포구,9657
8,구로구,용산구,60
8,구로구,은평구,37
8,구로구,종로구,8
8,구로구,중구,9
8,금천구,강남구,1
8,금천구,강서구,172
8,금천구,관악구,1134
8,금천구,구로구,4528
8,금천구,금천구,27334
8,금천구,동작구,365
8,금천구,마포구,77
8,금천구,서대문구,12
8,금천구,서초구,12
8,금천구,성동구,5
8,금천구,성북구,1
8,금천구,송파구,3
8,금천구,양천구,710
8,금천구,영등포구,942
8,금천구,용산구,16
8,금천구,은평구,30
8,금천구,중랑구,2
8,노원구,강남구,19
8,노원구,강동구,8
8,노원구,강북구,1586
8,노원구,광진구,449
8,노원구,노원구,100907
8,노원구,도봉구,8831
8,노원구,동대문구,1099
8,노원구,동작구,11
8,노원구,마포구,6
8,노원구,서대문구,1
8,노원구,서초구,21
8,노원구,성동구,386
8,노원구,성북구,3071
8,노원구,송파구,14
8,노원구,양천구,1
8,노원구,영등포구,9
8,노원구,용산구,35
8,노원구,은평구,1
8,노원구,종로구,48
8,노원구,중구,25
8,노원구,중랑구,5344
8,도봉구,강남구,6
8,도봉구,강동구,1
8,도봉구,강북구,4146
8,도봉구,광진구,96
8,도봉구,노원구,8858
8,도봉구,도봉구,28758
8,도봉구,동대문구,334
8,도봉구,마포구,1
8,도봉구,서초구,3
8,도봉구,성동구,174
8,도봉구,성북구,492
8,도봉구,영등포구,5
8,도봉구,용산구,14
8,도봉구,은평구,2
8,도봉구,종로구,9
8,도봉구,중구,3
8,도봉구,중랑구,305
8,동대문구,강남구,121
8,동대문구,강동구,30
8,동대문구,강북구,324
8,동대문구,강서구,6
8,동대문구,광진구,2097
8,동대문구,노원구,1193
8,동대문구,도봉구,344
8,동대문구,동대문구,49148
8,동대문구,동작구,14
8,동대문구,마포구,84
8,동대문구,서대문구,42
8,동대문구,서초구,84
8,동대문구,성동구,7143
8,동대문구,성북구,6175
8,동대문구,송파구,62
8,동대문구,양천구,1
8,동대문구,영등포구,33
8,동대문구,용산구,178
8,동대문구,은평구,2
8,동대문구,종로구,2166
8,동대문구,중구,1588
8,동대문구,중랑구,4151
8,동작구,강남구,236
8,동작구,강동구,6
8,동작구,강북구,1
8,동작구,강서구,151
8,동작구,관악구,4255
8,동작구,광진구,51
8,동작구,구로구,1333
8,동작구,금천구,377
8,동작구,노원구,11
8,동작구,도봉구,13
8,동작구,동대문구,39
8,동작구,동작구,27642
8,동작구,마포구,375
8,동작구,서대문구,35
8,동작구,서초구,3800
8,동작구,성동구,151
8,동작구,성북구,21
8,동작구,송파구,126
8,동작구,양천구,180
8,동작구,영등포구,6411
8,동작구,용산구,2561
8,동작구,은평구,14
8,동작구,종로구,39
8,동작구,중구,135
8,동작구,중랑구,6
8,마포구,강남구,126
8,마포구,강동구,5
8,마포구,강북구,8
8,마포구,강서구,1212
8,마포구,관악구,68
8,마포구,광진구,66
8,마포구,구로구,301
8,마포구,금천구,73
8,마포구,노원구,11
8,마포구,도봉구,2
8,마포구,동대문구,79
8,마포구,동작구,415
8,마포구,마포구,87472
8,마포구,서대문구,12404
8,마포구,서초구,401
8,마포구,성동구,320
8,마포구,성북구,65
8,마포구,송파구,58
8,마포구,양천구,508
8,마포구,영등포구,4397
8,마포구,용산구,2288
8,마포구,은평구,6120
8,마포구,종로구,439
8,마포구,중구,521
8,마포구,중랑구,20
8,서대문구,강남구,27
8,서대문구,강동구,2
8,서대문구,강북구,1
8,서대문구,강서구,126
8,서대문구,관악구,9
8,서대문구,광진구,10
8,서대문구,구로구,28
8,서대문구,금천구,7
8,서대문구,노원구,3
8,서대문구,동대문구,42
8,서대문구,동작구,52
8,서대문구,마포구,13929
8,서대문구,서대문구,24326
8,서대문구,서초구,57
8,서대문구,성동구,39
8,서대문구,성북구,31
8,서대문구,송파구,4
8,서대문구,양천구,99
8,서대문구,영등포구,582
8,서대문구,용산구,403
8,서대문구,은평구,3844
8,서대문구,종로구,1350
8,서대문구,중구,1391
8,서대문구,중랑구,7
8,서초구,강남구,6957
8,서초구,강동구,114
8,서초구,강북구,7
8,서초구,강서구,126
8,서초구,관악구,897
8,서초구,광진구,306
8,서초구,구로구,80
8,서초구,금천구,11
8,서초구,노원구,28
8,서초구,도봉구,8
8,서초구,동대문구,80
8,서초구,동작구,3990
8,서초구,마포구,357
8,서초구,서대문구,54
8,서초구,서초구,50772
8,서초구,성동구,570
8,서초구,성북구,70
8,서초구,송파구,1134
8,서초구,양천구,45
8,서초구,영등포구,1068
8,서초구,용산구,1236
8,서초구,은평구,22
8,서초구,종로구,21
8,서초구,중구,65
8,서초구,중랑구,53
8,성동구,강남구,840
8,성동구,강동구,175
8,성동구,강북구,150
8,성동구,강서구,11
8,성동구,관악구,8
8,성동구,광진구,12548
8,성동구,구로구,11
8,성동구,금천구,3
8,성동구,노원구,575
8,성동구,도봉구,157
8,성동구,동대문구,8147
8,성동구,동작구,167
8,성동구,마포구,305
8,성동구,서대문구,48
8,성동구,서초구,660
8,성동구,성동구,49430
8,성동구,성북구,2089
8,성동구,송파구,663
8,성동구,양천구,10
8,성동구,영등포구,179
8,성동구,용산구,1123
8,성동구,은평구,34
8,성동구,종로구,1793
8,성동구,중구,2295
8,성동구,중랑구,1245
8,성북구,강남구,47
8,성북구,강동구,6
8,성북구,강북구,2418
8,성북구,강서구,1
8,성북구,관악구,2
8,성북구,광진구,275
8,성북구,노원구,3223
8,성북구,도봉구,565
8,성북구,동대문구,6139
8,성북구,동작구,13
8,성북구,마포구,36
8,성북구,서대문구,30
8,성북구,서초구,60
8,성북구,성동구,1853
8,성북구,성북구,30993
8,성북구,송파구,56
8,성북구,영등포구,15
8,성북구,용산구,88
8,성북구,은평구,7
8,성북구,종로구,4017
8,성북구,중구,1355
8,성북구,중랑구,718
8,송파구,강남구,6308
8,송파구,강동구,13943
8,송파구,강북구,4
8,송파구,강서구,17
8,송파구,관악구,21
8,송파구,광진구,2700
8,송파구,구로구,4
8,송파구,노원구,17
8,송파구,도봉구,8
8,송파구,동대문구,103
8,송파구,동작구,108
8,송파구,마포구,36
8,송파구,서대문구,3
8,송파구,서초구,803
8,송파구,성동구,493
8,송파구,성북구,50
8,송파구,송파구,163989
8,송파구,양천구,4
8,송파구,영등포구,124
8,송파구,용산구,123
8,송파구,종로구,34
8,송파구,중구,26
8,송파구,중랑구,71
8,양천구,강남구,8
8,양천구,강서구,10340
8,양천구,관악구,222
8,양천구,광진구,1
8,양천구,구로구,5081
8,양천구,금천구,623
8,양천구,동대문구,2
8,양천구,동작구,166
8,양천구,마포구,281
8,양천구,서대문구,46
8,양천구,서초구,32
8,양천구,성동구,10
8,양천구,성북구,1
8,양천구,송파구,2
8,양천구,양천구,106108
8,양천구,영등포구,5748
8,양천구,용산구,25
8,양천구,은평구,44
8,양천구,종로구,12
8,양천구,중구,1
8,영등포구,강남구,240
8,영등포구,강동구,45
8,영등포구,강북구,3
8,영등포구,강서구,3399
8,영등포구,관악구,2023
8,영등포구,광진구,106
8,영등포구,구로구,10002
8,영등포구,금천구,869
8,영등포구,노원구,22
8,영등포구,도봉구,2
8,영등포구,동대문구,58
8,영등포구,동작구,6118
8,영등포구,마포구,4548
8,영등포구,서대문구,517
8,영등포구,서초구,1210
8,영등포구,성동구,278
8,영등포구,성북구,55
8,영등포구,송파구,182
8,영등포구,양천구,6343
8,영등포구,영등포구,137339
8,영등포구,용산구,1378
8,영등포구,은평구,230
8,영등포구,종로구,78
8,영등포구,중구,113
8,영등포구,중랑구,15
8,용산구,강남구,436
8,용산구,강동구,29
8,용산구,강북구,18
8,용산구,강서구,113
8,용산구,관악구,115
8,용산구,광진구,330
8,용산구,구로구,106
8,용산구,금천구,17
8,용산구,노원구,48
8,용산구,도봉구,8
8,용산구,동대문구,258
8,용산구,동작구,2939
8,용산구,마포구,2393
8,용산구,서대문구,372
8,용산구,서초구,1332
8,용산구,성동구,1233
8,용산구,성북구,171
8,용산구,송파구,173
8,용산구,양천구,55
8,용산구,영등포구,1528
8,용산구,용산구,33241
8,용산구,은평구,122
8,용산구,종로구,670
8,용산구,중구,1778
8,용산구,중랑구,49
8,은평구,강남구,17
8,은평구,강북구,1
8,은평구,강서구,73
8,은평구,관악구,4
8,은평구,광진구,1
8,은평구,구로구,42
8,은평구,금천구,12
8,은평구,동대문구,5
8,은평구,동작구,3
8,은평구,마포구,5318
8,은평구,서대문구,3537
8,은평구,서초구,17
8,은평구,성동구,14
8,은평구,성북구,4
8,은평구,양천구,24
8,은평구,영등포구,160
8,은평구,용산구,49
8,은평구,은평구,48646
8,은평구,종로구,169
8,은평구,중구,76
8,은평구,중랑구,4
8,종로구,강남구,65
8,종로구,강동구,32
8,종로구,강북구,181
8,종로구,강서구,38
8,종로구,관악구,6
8,종로구,광진구,177
8,종로구,구로구,26
8,종로구,노원구,102
8,종로구,도봉구,25
8,종로구,동대문구,2787
8,종로구,동작구,92
8,종로구,마포구,761
8,종로구,서대문구,2171
8,종로구,서초구,55
8,종로구,성동구,2226
8,종로구,성북구,4327
8,종로구,송파구,40
8,종로구,양천구,15
8,종로구,영등포구,242
8,종로구,용산구,825
8,종로구,은평구,412
8,종로구,종로구,50925
8,종로구,중구,16034
8,종로구,중랑구,173
8,중구,강남구,73
8,중구,강동구,32
8,중구,강북구,111
8,중구,강서구,55
8,중구,관악구,26
8,중구,광진구,253
8,중구,구로구,19
8,중구,노원구,78
8,중구,도봉구,25
8,중구,동대문구,2548
8,중구,동작구,227
8,중구,마포구,848
8,중구,서대문구,1420
8,중구,서초구,165
8,중구,성동구,3167
8,중구,성북구,1740
8,중구,송파구,59
8,중구,양천구,12
8,중구,영등포구,253
8,중구,용산구,2388
8,중구,은평구,96
8,중구,종로구,14912
8,중구,중구,24029
8,중구,중랑구,129
8,중랑구,강남구,35
8,중랑구,강동구,28
8,중랑구,강북구,142
8,중랑구,강서구,1
8,중랑구,관악구,1
8,중랑구,광진구,1361
8,중랑구,노원구,5119
8,중랑구,도봉구,262
8,중랑구,동대문구,3916
8,중랑구,동작구,10
8,중랑구,마포구,7
8,중랑구,서초구,37
8,중랑구,성동구,826
8,중랑구,성북구,687
8,중랑구,송파구,29
8,중랑구,양천구,1
8,중랑구,영등포구,7
8,중랑구,용산구,45
8,중랑구,은평구,2
8,중랑구,종로구,89
8,중랑구,중구,40
8,중랑구,중랑구,46880
9,강남구,강남구,56626
9,강남구,강동구,1008
9,강남구,강북구,17
9,강남구,강서구,76
9,강남구,관악구,121
9,강남구,광진구,1633
9,강남구,구로구,26
9,강남구,금천구,8
9,강남구,노원구,73
9,강남구,도봉구,24
9,강남구,동대문구,344
9,강남구,동작구,650
9,강남구,마포구,303
9,강남구,서대문구,75
9,강남구,서초구,9942
9,강남구,성동구,1411
9,강남구,성북구,103
9,강남구,송파구,11458
9,강남구,양천구,21
9,강남구,영등포구,581
9,강남구,용산구,835
9,강남구,은평구,39
9,강남구,종로구,51
9,강남구,중구,74
9,강남구,중랑구,123
9,강동구,강남구,650
9,강동구,강동구,101358
9,강동구,강북구,3
9,강동구,강서구,6
9,강동구,관악구,1
9,강동구,광진구,1633
9,강동구,노원구,6
9,강동구,도봉구,1
9,강동구,동대문구,63
9,강동구,동작구,13
9,강동구,마포구,29
9,강동구,서대문구,2
9,강동구,서초구,138
9,강동구,성동구,151
9,강동구,성북구,8
9,강동구,송파구,18225
9,강동구,영등포구,30
9,강동구,용산구,37
9,강동구,종로구,13
9,강동구,중구,10
9,강동구,중랑구,46
9,강북구,강남구,8
9,강북구,강동구,1
9,강북구,강북구,25429
9,강북구,광진구,117
9,강북구,노원구,2503
9,강북구,도봉구,5865
9,강북구,동대문구,462
9,강북구,마포구,7
9,강북구,서대문구,1
9,강북구,서초구,11
9,강북구,성동구,205
9,강북구,성북구,3451
9,강북구,송파구,9
9,강북구,영등포구,3
9,강북구,용산구,8
9,강북구,은평구,2
9,강북구,종로구,138
9,강북구,중구,80
9,강북구,중랑구,262
9,강서구,강남구,23
9,강서구,강동구,2
9,강서구,강북구,1
9,강서구,강서구,287153
9,강서구,관악구,204
9,강서구,광진구,2
9,강서구,구로구,932
9,강서구,금천구,263
9,강서구,동대문구,1
9,강서구,동작구,220
9,강서구,마포구,1342
9,강서구,서대문구,142
9,강서구,서초구,167
9,강서구,성동구,25
9,강서구,성북구,4
9,강서구,송파구,15
9,강서구,양천구,13937
9,강서구,영등포구,4401
9,강서구,용산구,154
9,강서구,은평구,151
9,강서구,종로구,11
9,강서구,중구,34
9,강서구,중랑구,2
9,관악구,강남구,66
9,관악구,강동구,3
9,관악구,강서구,214
9,관악구,관악구,53372
9,관악구,광진구,11
9,관악구,구로구,5639
9,관악구,금천구,1447
9,관악구,노원구,1
9,관악구,동대문구,4
9,관악구,동작구,5767
9,관악구,마포구,90
9,관악구,서대문구,13
9,관악구,서초구,1114
9,관악구,성동구,13
9,관악구,송파구,20
9,관악구,양천구,534
9,관악구,영등포구,2881
9,관악구,용산구,141
9,관악구,은평구,8
9,관악구,종로구,7
9,관악구,중구,13
9,관악구,중랑구,1
9,광진구,강남구,1077
9,광진구,강동구,1843
9,광진구,강북구,100
9,광진구,강서구,10
9,광진구,관악구,10
9,광진구,광진구,103361
9,광진구,구로구,3
9,광진구,노원구,868
9,광진구,도봉구,153
9,광진구,동대문구,3997
9,광진구,동작구,72
9,광진구,마포구,158
9,광진구,서대문구,13
9,광진구,서초구,445
9,광진구,성동구,17382
9,광진구,성북구,310
9,광진구,송파구,3964
9,광진구,영등포구,139
9,광진구,용산구,539
9,광진구,은평구,17
9,광진구,종로구,133
9,광진구,중구,194
9,광진구,중랑구,2671
9,구로구,강남구,17
9,구로구,강동구,1
9,구로구,강서구,910
9,구로구,관악구,5340
9,구로구,광진구,6
9,구로구,구로구,69964
9,구로구,금천구,7134
9,구로구,동대문구,3
9,구로구,동작구,1742
9,구로구,마포구,336
9,구로구,서대문구,41
9,구로구,서초구,61
9,구로구,성동구,9
9,구로구,송파구,12
9,구로구,양천구,7326
9,구로구,영등포구,13597
9,구로구,용산구,76
9,구로구,은평구,41
9,구로구,종로구,19
9,구로구,중구,13
9,금천구,강남구,11
9,금천구,강동구,1
9,금천구,강서구,264
9,금천구,관악구,1468
9,금천구,광진구,1
9,금천구,구로구,6459
9,금천구,금천구,35269
9,금천구,노원구,1
9,금천구,동대문구,1
9,금천구,동작구,444
9,금천구,마포구,108
9,금천구,서대문구,14
9,금천구,서초구,29
9,금천구,성동구,5
9,금천구,송파구,4
9,금천구,양천구,1036
9,금천구,영등포구,1502
9,금천구,용산구,33
9,금천구,은평구,37
9,노원구,강남구,31
9,노원구,강동구,17
9,노원구,강북구,2233
9,노원구,강서구,2
9,노원구,광진구,718
9,노원구,노원구,131569
9,노원구,도봉구,12304
9,노원구,동대문구,1723
9,노원구,동작구,8
9,노원구,마포구,13
9,노원구,서대문구,1
9,노원구,서초구,60
9,노원구,성동구,674
9,노원구,성북구,4343
9,노원구,송파구,23
9,노원구,영등포구,10
9,노원구,용산구,49
9,노원구,은평구,1
9,노원구,종로구,83
9,노원구,중구,54
9,노원구,중랑구,7257
9,도봉구,강남구,18
9,도봉구,강북구,5541
9,도봉구,관악구,1
9,도봉구,광진구,168
9,도봉구,노원구,12057
9,도봉구,도봉구,36832
9,도봉구,동대문구,536
9,도봉구,동작구,3
9,도봉구,마포구,6
9,도봉구,서초구,10
9,도봉구,성동구,226
9,도봉구,성북구,760
9,도봉구,송파구,8
9,도봉구,영등포구,3
9,도봉구,용산구,16
9,도봉구,은평구,5
9,도봉구,종로구,24
9,도봉구,중구,7
9,도봉구,중랑구,410
9,동대문구,강남구,265
9,동대문구,강동구,47
9,동대문구,강북구,459
9,동대문구,관악구,3
9,동대문구,광진구,3336
9,동대문구,구로구,1
9,동대문구,노원구,1834
9,동대문구,도봉구,496
9,동대문구,동대문구,61817
9,동대문구,동작구,41
9,동대문구,마포구,133
9,동대문구,서대문구,43
9,동대문구,서초구,163
9,동대문구,성동구,10361
9,동대문구,성북구,8952
9,동대문구,송파구,162
9,동대문구,영등포구,39
9,동대문구,용산구,291
9,동대문구,은평구,3
9,동대문구,종로구,3062
9,동대문구,중구,2605
9,동대문구,중랑구,6165
9,동작구,강남구,432
9,동작구,강동구,24
9,동작구,강북구,1
9,동작구,강서구,278
9,동작구,관악구,5639
9,동작구,광진구,97
9,동작구,구로구,1859
9,동작구,금천구,492
9,동작구,노원구,17
9,동작구,도봉구,17
9,동작구,동대문구,57
9,동작구,동작구,35152
9,동작구,마포구,611
9,동작구,서대문구,59
9,동작구,서초구,5276
9,동작구,성동구,236
9,동작구,성북구,20
9,동작구,송파구,218
9,동작구,양천구,304
9,동작구,영등포구,8959
9,동작구,용산구,3843
9,동작구,은평구,20
9,동작구,종로구,78
9,동작구,중구,204
9,동작구,중랑구,24
9,마포구,강남구,200
9,마포구,강동구,18
9,마포구,강북구,8
9,마포구,강서구,1911
9,마포구,관악구,160
9,마포구,광진구,113
9,마포구,구로구,458
9,마포구,금천구,130
9,마포구,노원구,19
9,마포구,도봉구,8
9,마포구,동대문구,145
9,마포구,동작구,599
9,마포구,마포구,112026
9,마포구,서대문구,16533
9,마포구,서초구,625
9,마포구,성동구,506
9,마포구,성북구,75
9,마포구,송파구,111
9,마포구,양천구,795
9,마포구,영등포구,7189
9,마포구,용산구,3385
9,마포구,은평구,8479
9,마포구,종로구,580
9,마포구,중구,781
9,마포구,중랑구,35
9,서대문구,강남구,46
9,서대문구,강동구,8
9,서대문구,강북구,5
9,서대문구,강서구,207
9,서대문구,관악구,29
9,서대문구,광진구,9
9,서대문구,구로구,54
9,서대문구,금천구,25
9,서대문구,노원구,4
9,서대문구,동대문구,46
9,서대문구,동작구,83
9,서대문구,마포구,18687
9,서대문구,서대문구,30413
9,서대문구,서초구,77
9,서대문구,성동구,69
9,서대문구,성북구,65
9,서대문구,송파구,20
9,서대문구,양천구,116
9,서대문구,영등포구,928
9,서대문구,용산구,543
9,서대문구,은평구,5046
9,서대문구,종로구,1867
9,서대문구,중구,1697
9,서대문구,중랑구,8
9,서초구,강남구,9605
9,서초구,강동구,166
9,서초구,강북구,11
9,서초구,강서구,250
9,서초구,관악구,1076
9,서초구,광진구,510
9,서초구,구로구,108
9,서초구,금천구,19
9,서초구,노원구,69
9,서초구,도봉구,13
9,서초구,동대문구,172
9,서초구,동작구,5495
9,서초구,마포구,646
9,서초구,서대문구,93
9,서초구,서초구,67883
9,서초구,성동구,1033
9,서초구,성북구,121
9,서초구,송파구,1881
9,서초구,양천구,80
9,서초구,영등포구,1884
9,서초구,용산구,1883
9,서초구,은평구,48
9,서초구,종로구,53
9,서초구,중구,107
9,서초구,중랑구,94
9,성동구,강남구,1396
9,성동구,강동구,271
9,성동구,강북구,243
9,성동구,강서구,36
9,성동구,관악구,18
9,성동구,광진구,17025
9,성동구,구로구,12
9,성동구,금천구,1
9,성동구,노원구,890
9,성동구,도봉구,223
9,성동구,동대문구,11194
9,성동구,동작구,338
9,성동구,마포구,529
9,성동구,서대문구,57
9,성동구,서초구,1104
9,성동구,성동구,66594
9,성동구,성북구,3120
9,성동구,송파구,962
9,성동구,양천구,13
9,성동구,영등포구,293
9,성동구,용산구,1793
9,성동구,은평구,41
9,성동구,종로구,2389
9,성동구,중구,3275
9,성동구,중랑구,1763
9,성북구,강남구,69
9,성북구,강동구,8
9,성북구,강북구,3537
9,성북구,강서구,2
9,성북구,관악구,2
9,성북구,광진구,386
9,성북구,구로구,1
9,성북구,노원구,4638
9,성북구,도봉구,829
9,성북구,동대문구,8768
9,성북구,동작구,44
9,성북구,마포구,47
9,성북구,서대문구,64
9,성북구,서초구,105
9,성북구,성동구,2880
9,성북구,성북구,41201
9,성북구,송파구,69
9,성북구,영등포구,35
9,성북구,용산구,158
9,성북구,은평구,8
9,성북구,종로구,5235
9,성북구,중구,1849
9,성북구,중랑구,1040
9,송파구,강남구,9685
9,송파구,강동구,19709
9,송파구,강북구,11
9,송파구,강서구,21
9,송파구,관악구,32
9,송파구,광진구,4076
9,송파구,구로구,8
9,송파구,금천구,2
9,송파구,노원구,20
9,송파구,도봉구,3
9,송파구,동대문구,123
9,송파구,동작구,212
9,송파구,마포구,99
9,송파구,서대문구,11
9,송파구,서초구,1464
9,송파구,성동구,835
9,송파구,성북구,80
9,송파구,송파구,217376
9,송파구,양천구,14
9,송파구,영등포구,298
9,송파구,용산구,213
9,송파구,은평구,6
9,송파구,종로구,45
9,송파구,중구,44
9,송파구,중랑구,96
9,양천구,강남구,6
9,양천구,강서구,13909
9,양천구,관악구,428
9,양천구,광진구,2
9,양천구,구로구,7163
9,양천구,금천구,994
9,양천구,노원구,1
9,양천구,동대문구,1
9,양천구,동작구,264
9,양천구,마포구,448
9,양천구,서대문구,74
9,양천구,서초구,74
9,양천구,성동구,20
9,양천구,성북구,3
9,양천구,송파구,17
9,양천구,양천구,134159
9,양천구,영등포구,7923
9,양천구,용산구,47
9,양천구,은평구,48
9,양천구,종로구,16
9,양천구,중구,6
9,영등포구,강남구,437
9,영등포구,강동구,55
9,영등포구,강서구,5446
9,영등포구,관악구,2936
9,영등포구,광진구,146
9,영등포구,구로구,13976
9,영등포구,금천구,1361
9,영등포구,노원구,31
9,영등포구,도봉구,6
9,영등포구,동대문구,92
9,영등포구,동작구,8605
9,영등포구,마포구,7186
9,영등포구,서대문구,835
9,영등포구,서초구,2028
9,영등포구,성동구,443
9,영등포구,성북구,62
9,영등포구,송파구,329
9,영등포구,양천구,8550
9,영등포구,영등포구,179801
9,영등포구,용산구,2252
9,영등포구,은평구,379
9,영등포구,종로구,123
9,영등포구,중구,157
9,영등포구,중랑구,30
9,용산구,강남구,684
9,용산구,강동구,44
9,용산구,강북구,13
9,용산구,강서구,193
9,용산구,관악구,189
9,용산구,광진구,486
9,용산구,구로구,153
9,용산구,금천구,27
9,용산구,노원구,69
9,용산구,도봉구,13
9,용산구,동대문구,370
9,용산구,동작구,4223
9,용산구,마포구,3702
9,용산구,서대문구,507
9,용산구,서초구,2058
9,용산구,성동구,1791
9,용산구,성북구,167
9,용산구,송파구,280
9,용산구,양천구,63
9,용산구,영등포구,2418
9,용산구,용산구,40670
9,용산구,은평구,186
9,용산구,종로구,879
9,용산구,중구,2356
9,용산구,중랑구,104
9,은평구,강남구,11
9,은평구,강북구,1
9,은평구,강서구,104
9,은평구,관악구,12
9,은평구,광진구,3
9,은평구,구로구,50
9,은평구,금천구,15
9,은평구,동대문구,5
9,은평구,동작구,14
9,은평구,마포구,7724
9,은평구,서대문구,4907
9,은평구,서초구,30
9,은평구,성동구,38
9,은평구,성북구,5
9,은평구,송파구,1
9,은평구,양천구,53
9,은평구,영등포구,203
9,은평구,용산구,125
9,은평구,은평구,62937
9,은평구,종로구,183
9,은평구,중구,114
9,은평구,중랑구,5
9,종로구,강남구,67
9,종로구,강동구,29
9,종로구,강북구,206
9,종로구,강서구,58
9,종로구,관악구,9
9,종로구,광진구,311
9,종로구,구로구,25
9,종로구,금천구,3
9,종로구,노원구,145
9,종로구,도봉구,32
9,종로구,동대문구,3551
9,종로구,동작구,116
9,종로구,마포구,1045
9,종로구,서대문구,2772
9,종로구,서초구,81
9,종로구,성동구,2742
9,종로구,성북구,5615
9,종로구,송파구,65
9,종로구,양천구,26
9,종로구,영등포구,269
9,종로구,용산구,1141
9,종로구,은평구,475
9,종로구,종로구,62001
9,종로구,중구,20078
9,종로구,중랑구,217
9,중구,강남구,95
9,중구,강동구,57
9,중구,강북구,158
9,중구,강서구,63
9,중구,관악구,22
9,중구,광진구,371
9,중구,구로구,16
9,중구,금천구,1
9,중구,노원구,87
9,중구,도봉구,24
9,중구,동대문구,3433
9,중구,동작구,311
9,중구,마포구,1152
9,중구,서대문구,1688
9,중구,서초구,159
9,중구,성동구,4405
9,중구,성북구,2360
9,중구,송파구,107
9,중구,양천구,16
9,중구,영등포구,320
9,중구,용산구,3084
9,중구,은평구,134
9,중구,종로구,18710
9,중구,중구,30077
9,중구,중랑구,136
9,중랑구,강남구,58
9,중랑구,강동구,39
9,중랑구,강북구,223
9,중랑구,강서구,1
9,중랑구,관악구,2
9,중랑구,광진구,2126
9,중랑구,구로구,1
9,중랑구,노원구,6950
9,중랑구,도봉구,379
9,중랑구,동대문구,6053
9,중랑구,동작구,13
9,중랑구,마포구,13
9,중랑구,서대문구,4
9,중랑구,서초구,44
9,중랑구,성동구,1398
9,중랑구,성북구,898
9,중랑구,송파구,42
9,중랑구,영등포구,10
9,중랑구,용산구,100
9,중랑구,은평구,4
9,중랑구,종로구,126
9,중랑구,중구,66
9,중랑구,중랑구,61335
10,강남구,강남구,52243
10,강남구,강동구,880
10,강남구,강북구,19
10,강남구,강서구,50
10,강남구,관악구,96
10,강남구,광진구,1503
10,강남구,구로구,6
10,강남구,금천구,4
10,강남구,노원구,55
10,강남구,도봉구,27
10,강남구,동대문구,330
10,강남구,동작구,529
10,강남구,마포구,273
10,강남구,서대문구,75
10,강남구,서초구,9052
10,강남구,성동구,1236
10,강남구,성북구,89
10,강남구,송파구,10526
10,강남구,양천구,15
10,강남구,영등포구,505
10,강남구,용산구,746
10,강남구,은평구,34
10,강남구,종로구,46
10,강남구,중구,91
10,강남구,중랑구,162
10,강동구,강남구,546
10,강동구,강동구,96893
10,강동구,강북구,1
10,강동구,강서구,1
10,강동구,관악구,3
10,강동구,광진구,1570
10,강동구,노원구,14
10,강동구,도봉구,1
10,강동구,동대문구,81
10,강동구,동작구,25
10,강동구,마포구,17
10,강동구,서초구,148
10,강동구,성동구,116
10,강동구,성북구,6
10,강동구,송파구,17745
10,강동구,양천구,2
10,강동구,영등포구,27
10,강동구,용산구,38
10,강동구,은평구,1
10,강동구,종로구,19
10,강동구,중구,8
10,강동구,중랑구,31
10,강북구,강남구,5
10,강북구,강동구,3
10,강북구,강북구,24295
10,강북구,광진구,95
10,강북구,노원구,2556
10,강북구,도봉구,5675
10,강북구,동대문구,460
10,강북구,동작구,5
10,강북구,마포구,7
10,강북구,서대문구,3
10,강북구,서초구,4
10,강북구,성동구,182
10,강북구,성북구,3196
10,강북구,송파구,4
10,강북구,영등포구,10
10,강북구,용산구,15
10,강북구,은평구,1
10,강북구,종로구,132
10,강북구,중구,66
10,강북구,중랑구,221
10,강서구,강남구,23
10,강서구,강동구,3
10,강서구,강서구,291064
10,강서구,관악구,204
10,강서구,광진구,4
10,강서구,구로구,845
10,강서구,금천구,232
10,강서구,노원구,1
10,강서구,동대문구,2
10,강서구,동작구,210
10,강서구,마포구,1330
10,강서구,서대문구,145
10,강서구,서초구,146
10,강서구,성동구,30
10,강서구,성북구,1
10,강서구,송파구,24
10,강서구,양천구,13791
10,강서구,영등포구,3839
10,강서구,용산구,154
10,강서구,은평구,137
10,강서구,종로구,15
10,강서구,중구,35
10,관악구,강남구,69
10,관악구,강동구,1
10,관악구,강서구,247
10,관악구,관악구,50523
10,관악구,광진구,7
10,관악구,구로구,5436
10,관악구,금천구,1515
10,관악구,동대문구,3
10,관악구,동작구,5815
10,관악구,마포구,87
10,관악구,서대문구,11
10,관악구,서초구,1003
10,관악구,성동구,15
10,관악구,성북구,1
10,관악구,송파구,21
10,관악구,양천구,519
10,관악구,영등포구,2671
10,관악구,용산구,106
10,관악구,은평구,12
10,관악구,종로구,4
10,관악구,중구,11
10,관악구,중랑구,5
10,광진구,강남구,965
10,광진구,강동구,1744
10,광진구,강북구,114
10,광진구,강서구,3
10,광진구,관악구,9
10,광진구,광진구,93224
10,광진구,구로구,6
10,광진구,금천구,8
10,광진구,노원구,700
10,광진구,도봉구,113
10,광진구,동대문구,3751
10,광진구,동작구,64
10,광진구,마포구,96
10,광진구,서대문구,14
10,광진구,서초구,333
10,광진구,성동구,16594
10,광진구,성북구,300
10,광진구,송파구,3559
10,광진구,양천구,1
10,광진구,영등포구,109
10,광진구,용산구,440
10,광진구,은평구,7
10,광진구,종로구,108
10,광진구,중구,146
10,광진구,중랑구,2229
10,구로구,강남구,14
10,구로구,강서구,825
10,구로구,관악구,5295
10,구로구,광진구,6
10,구로구,구로구,69618
10,구로구,금천구,7322
10,구로구,동작구,1860
10,구로구,마포구,311
10,구로구,서대문구,26
10,구로구,서초구,45
10,구로구,성동구,5
10,구로구,송파구,7
10,구로구,양천구,7322
10,구로구,영등포구,13705
10,구로구,용산구,67
10,구로구,은평구,22
10,구로구,종로구,26
10,구로구,중구,9
10,금천구,강남구,2
10,금천구,강서구,230
10,금천구,관악구,1475
10,금천구,구로구,6597
10,금천구,금천구,36369
10,금천구,동대문구,1
10,금천구,동작구,488
10,금천구,마포구,88
10,금천구,서대문구,4
10,금천구,서초구,18
10,금천구,성동구,4
10,금천구,성북구,2
10,금천구,양천구,1066
10,금천구,영등포구,1413
10,금천구,용산구,14
10,금천구,은평구,41
10,금천구,종로구,1
10,금천구,중랑구,1
10,노원구,강남구,23
10,노원구,강동구,7
10,노원구,강북구,2327
10,노원구,강서구,2
10,노원구,관악구,2
10,노원구,광진구,593
10,노원구,노원구,124847
10,노원구,도봉구,11805
10,노원구,동대문구,1550
10,노원구,동작구,12
10,노원구,마포구,11
10,노원구,서대문구,2
10,노원구,서초구,29
10,노원구,성동구,736
10,노원구,성북구,4234
10,노원구,송파구,24
10,노원구,영등포구,16
10,노원구,용산구,46
10,노원구,종로구,73
10,노원구,중구,47
10,노원구,중랑구,6582
10,도봉구,강남구,10
10,도봉구,강동구,1
10,도봉구,강북구,5382
10,도봉구,광진구,146
10,도봉구,노원구,11367
10,도봉구,도봉구,34604
10,도봉구,동대문구,401
10,도봉구,동작구,4
10,도봉구,마포구,4
10,도봉구,서대문구,1
10,도봉구,서초구,1
10,도봉구,성동구,191
10,도봉구,성북구,688
10,도봉구,송파구,3
10,도봉구,영등포구,8
10,도봉구,용산구,20
10,도봉구,종로구,23
10,도봉구,중구,3
10,도봉구,중랑구,377
10,동대문구,강남구,307
10,동대문구,강동구,44
10,동대문구,강북구,474
10,동대문구,강서구,4
10,동대문구,관악구,2
10,동대문구,광진구,3074
10,동대문구,노원구,1698
10,동대문구,도봉구,383
10,동대문구,동대문구,57592
10,동대문구,동작구,21
10,동대문구,마포구,95
10,동대문구,서대문구,18
10,동대문구,서초구,107
10,동대문구,성동구,9635
10,동대문구,성북구,8259
10,동대문구,송파구,111
10,동대문구,양천구,1
10,동대문구,영등포구,44
10,동대문구,용산구,260
10,동대문구,은평구,1
10,동대문구,종로구,2980
10,동대문구,중구,2632
10,동대문구,중랑구,5896
10,동작구,강남구,386
10,동작구,강동구,14
10,동작구,강북구,2
10,동작구,강서구,244
10,동작구,관악구,5653
10,동작구,광진구,66
10,동작구,구로구,2039
10,동작구,금천구,440
10,동작구,노원구,13
10,동작구,도봉구,17
10,동작구,동대문구,46
10,동작구,동작구,32983
10,동작구,마포구,537
10,동작구,서대문구,60
10,동작구,서초구,4655
10,동작구,성동구,240
10,동작구,성북구,33
10,동작구,송파구,177
10,동작구,양천구,275
10,동작구,영등포구,8467
10,동작구,용산구,3156
10,동작구,은평구,15
10,동작구,종로구,61
10,동작구,중구,193
10,동작구,중랑구,6
10,마포구,강남구,163
10,마포구,강동구,5
10,마포구,강서구,1830
10,마포구,관악구,146
10,마포구,광진구,110
10,마포구,구로구,355
10,마포구,금천구,110
10,마포구,노원구,19
10,마포구,도봉구,3
10,마포구,동대문구,149
10,마포구,동작구,511
10,마포구,마포구,106634
10,마포구,서대문구,15487
10,마포구,서초구,561
10,마포구,성동구,445
10,마포구,성북구,61
10,마포구,송파구,98
10,마포구,양천구,652
10,마포구,영등포구,6246
10,마포구,용산구,2935
10,마포구,은평구,8028
10,마포구,종로구,598
10,마포구,중구,797
10,마포구,중랑구,28
10,서대문구,강남구,37
10,서대문구,강북구,4
10,서대문구,강서구,224
10,서대문구,관악구,28
10,서대문구,광진구,13
10,서대문구,구로구,50
10,서대문구,금천구,18
10,서대문구,노원구,2
10,서대문구,동대문구,37
10,서대문구,동작구,78
10,서대문구,마포구,18074
10,서대문구,서대문구,28202
10,서대문구,서초구,87
10,서대문구,성동구,64
10,서대문구,성북구,43
10,서대문구,송파구,6
10,서대문구,양천구,87
10,서대문구,영등포구,771
10,서대문구,용산구,575
10,서대문구,은평구,4657
10,서대문구,종로구,1670
10,서대문구,중구,1644
10,서대문구,중랑구,9
10,서초구,강남구,9018
10,서초구,강동구,172
10,서초구,강북구,4
10,서초구,강서구,171
10,서초구,관악구,984
10,서초구,광진구,442
10,서초구,구로구,83
10,서초구,금천구,24
10,서초구,노원구,44
10,서초구,도봉구,12
10,서초구,동대문구,116
10,서초구,동작구,4829
10,서초구,마포구,523
10,서초구,서대문구,65
10,서초구,서초구,60083
10,서초구,성동구,874
10,서초구,성북구,118
10,서초구,송파구,1472
10,서초구,양천구,95
10,서초구,영등포구,1715
10,서초구,용산구,1614
10,서초구,은평구,22
10,서초구,종로구,29
10,서초구,중구,91
10,서초구,중랑구,88
10,성동구,강남구,1346
10,성동구,강동구,211
10,성동구,강북구,188
10,성동구,강서구,24
10,성동구,관악구,15
10,성동구,광진구,15905
10,성동구,구로구,15
10,성동구,금천구,1
10,성동구,노원구,756
10,성동구,도봉구,192
10,성동구,동대문구,10381
10,성동구,동작구,271
10,성동구,마포구,460
10,성동구,서대문구,52
10,성동구,서초구,920
10,성동구,성동구,61985
10,성동구,성북구,2745
10,성동구,송파구,952
10,성동구,양천구,18
10,성동구,영등포구,310
10,성동구,용산구,1634
10,성동구,은평구,44
10,성동구,종로구,2333
10,성동구,중구,2949
10,성동구,중랑구,1594
10,성북구,강남구,55
10,성북구,강동구,7
10,성북구,강북구,3141
10,성북구,강서구,2
10,성북구,광진구,256
10,성북구,금천구,5
10,성북구,노원구,4347
10,성북구,도봉구,817
10,성북구,동대문구,8270
10,성북구,동작구,32
10,성북구,마포구,59
10,성북구,서대문구,48
10,성북구,서초구,88
10,성북구,성동구,2529
10,성북구,성북구,37734
10,성북구,송파구,57
10,성북구,양천구,2
10,성북구,영등포구,60
10,성북구,용산구,150
10,성북구,은평구,5
10,성북구,종로구,5018
10,성북구,중구,1836
10,성북구,중랑구,1054
10,송파구,강남구,9178
10,송파구,강동구,18571
10,송파구,강북구,7
10,송파구,강서구,8
10,송파구,관악구,28
10,송파구,광진구,3525
10,송파구,구로구,9
10,송파구,노원구,25
10,송파구,도봉구,4
10,송파구,동대문구,123
10,송파구,동작구,171
10,송파구,마포구,79
10,송파구,서대문구,6
10,송파구,서초구,1228
10,송파구,성동구,817
10,송파구,성북구,88
10,송파구,송파구,212124
10,송파구,양천구,14
10,송파구,영등포구,220
10,송파구,용산구,194
10,송파구,종로구,34
10,송파구,중구,31
10,송파구,중랑구,76
10,양천구,강남구,14
10,양천구,강서구,13831
10,양천구,관악구,428
10,양천구,광진구,4
10,양천구,구로구,7129
10,양천구,금천구,1006
10,양천구,노원구,1
10,양천구,동대문구,1
10,양천구,동작구,240
10,양천구,마포구,440
10,양천구,서대문구,48
10,양천구,서초구,54
10,양천구,성동구,15
10,양천구,송파구,5
10,양천구,양천구,130942
10,양천구,영등포구,7868
10,양천구,용산구,66
10,양천구,은평구,38
10,양천구,종로구,20
10,양천구,중구,7
10,영등포구,강남구,402
10,영등포구,강동구,34
10,영등포구,강북구,2
10,영등포구,강서구,4528
10,영등포구,관악구,2615
10,영등포구,광진구,142
10,영등포구,구로구,13858
10,영등포구,금천구,1154
10,영등포구,노원구,26
10,영등포구,도봉구,5
10,영등포구,동대문구,70
10,영등포구,동작구,8174
10,영등포구,마포구,6149
10,영등포구,서대문구,712
10,영등포구,서초구,1592
10,영등포구,성동구,397
10,영등포구,성북구,67
10,영등포구,송파구,288
10,영등포구,양천구,8565
10,영등포구,영등포구,172734
10,영등포구,용산구,1936
10,영등포구,은평구,312
10,영등포구,종로구,111
10,영등포구,중구,152
10,영등포구,중랑구,19
10,용산구,강남구,617
10,용산구,강동구,46
10,용산구,강북구,12
10,용산구,강서구,176
10,용산구,관악구,112
10,용산구,광진구,424
10,용산구,구로구,128
10,용산구,금천구,14
10,용산구,노원구,41
10,용산구,도봉구,9
10,용산구,동대문구,283
10,용산구,동작구,3575
10,용산구,마포구,3238
10,용산구,서대문구,488
10,용산구,서초구,1802
10,용산구,성동구,1656
10,용산구,성북구,165
10,용산구,송파구,251
10,용산구,양천구,86
10,용산구,영등포구,2128
10,용산구,용산구,39661
10,용산구,은평구,150
10,용산구,종로구,916
10,용산구,중구,2477
10,용산구,중랑구,101
10,은평구,강남구,21
10,은평구,강서구,78
10,은평구,관악구,8
10,은평구,광진구,2
10,은평구,구로구,29
10,은평구,금천구,13
10,은평구,도봉구,1
10,은평구,동대문구,4
10,은평구,동작구,16
10,은평구,마포구,7217
10,은평구,서대문구,4653
10,은평구,서초구,17
10,은평구,성동구,34
10,은평구,성북구,8
10,은평구,송파구,2
10,은평구,양천구,42
10,은평구,영등포구,149
10,은평구,용산구,85
10,은평구,은평구,59299
10,은평구,종로구,220
10,은평구,중구,128
10,은평구,중랑구,6
10,종로구,강남구,76
10,종로구,강동구,33
10,종로구,강북구,175
10,종로구,강서구,51
10,종로구,관악구,5
10,종로구,광진구,222
10,종로구,구로구,22
10,종로구,금천구,1
10,종로구,노원구,113
10,종로구,도봉구,40
10,종로구,동대문구,3427
10,종로구,동작구,118
10,종로구,마포구,892
10,종로구,서대문구,2558
10,종로구,서초구,61
10,종로구,성동구,2622
10,종로구,성북구,5481
10,종로구,송파구,60
10,종로구,양천구,21
10,종로구,영등포구,211
10,종로구,용산구,1000
10,종로구,은평구,530
10,종로구,종로구,59926
10,종로구,중구,19529
10,종로구,중랑구,198
10,중구,강남구,87
10,중구,강동구,38
10,중구,강북구,129
10,중구,강서구,59
10,중구,관악구,26
10,중구,광진구,329
10,중구,구로구,19
10,중구,금천구,4
10,중구,노원구,91
10,중구,도봉구,31
10,중구,동대문구,3240
10,중구,동작구,238
10,중구,마포구,1052
10,중구,서대문구,1666
10,중구,서초구,132
10,중구,성동구,3839
10,중구,성북구,2170
10,중구,송파구,55
10,중구,양천구,24
10,중구,영등포구,271
10,중구,용산구,3059
10,중구,은평구,123
10,중구,종로구,17990
10,중구,중구,29220
10,중구,중랑구,116
10,중랑구,강남구,77
10,중랑구,강동구,53
10,중랑구,강북구,218
10,중랑구,광진구,1872
10,중랑구,구로구,2
10,중랑구,노원구,6346
10,중랑구,도봉구,336
10,중랑구,동대문구,5845
10,중랑구,동작구,10
10,중랑구,마포구,20
10,중랑구,서초구,46
10,중랑구,성동구,1366
10,중랑구,성북구,911
10,중랑구,송파구,65
10,중랑구,영등포구,7
10,중랑구,용산구,105
10,중랑구,은평구,3
10,중랑구,종로구,131
10,중랑구,중구,60
10,중랑구,중랑구,57688
11,강남구,강남구,49082
11,강남구,강동구,692
11,강남구,강북구,4
11,강남구,강서구,49
11,강남구,관악구,70
11,강남구,광진구,1242
11,강남구,구로구,6
11,강남구,금천구,5
11,강남구,노원구,49
11,강남구,도봉구,8
11,강남구,동대문구,242
11,강남구,동작구,343
11,강남구,마포구,212
11,강남구,서대문구,41
11,강남구,서초구,8000
11,강남구,성동구,1079
11,강남구,성북구,56
11,강남구,송파구,8995
11,강남구,양천구,8
11,강남구,영등포구,284
11,강남구,용산구,470
11,강남구,은평구,20
11,강남구,종로구,49
11,강남구,중구,49
11,강남구,중랑구,131
11,강동구,강남구,472
11,강동구,강동구,87401
11,강동구,강서구,2
11,강동구,광진구,1221
11,강동구,노원구,8
11,강동구,도봉구,1
11,강동구,동대문구,73
11,강동구,동작구,16
11,강동구,마포구,14
11,강동구,서대문구,1
11,강동구,서초구,131
11,강동구,성동구,103
11,강동구,성북구,6
11,강동구,송파구,15639
11,강동구,양천구,1
11,강동구,영등포구,6
11,강동구,용산구,13
11,강동구,은평구,1
11,강동구,종로구,9
11,강동구,중구,5
11,강동구,중랑구,22
11,강북구,강남구,4
11,강북구,강북구,20025
11,강북구,광진구,63
11,강북구,노원구,2107
11,강북구,도봉구,4547
11,강북구,동대문구,331
11,강북구,동작구,2
11,강북구,마포구,5
11,강북구,서초구,6
11,강북구,성동구,148
11,강북구,성북구,2654
11,강북구,송파구,6
11,강북구,영등포구,7
11,강북구,용산구,9
11,강북구,종로구,84
11,강북구,중구,73
11,강북구,중랑구,176
11,강서구,강남구,22
11,강서구,강동구,2
11,강서구,강서구,257140
11,강서구,관악구,110
11,강서구,광진구,1
11,강서구,구로구,640
11,강서구,금천구,178
11,강서구,노원구,1
11,강서구,동대문구,2
11,강서구,동작구,144
11,강서구,마포구,1046
11,강서구,서대문구,109
11,강서구,서초구,118
11,강서구,성동구,22
11,강서구,성북구,2
11,강서구,송파구,10
11,강서구,양천구,11979
11,강서구,영등포구,2519
11,강서구,용산구,130
11,강서구,은평구,96
11,강서구,종로구,5
11,강서구,중구,26
11,관악구,강남구,49
11,관악구,강서구,123
11,관악구,관악구,44748
11,관악구,구로구,4836
11,관악구,금천구,1234
11,관악구,동대문구,6
11,관악구,동작구,5426
11,관악구,마포구,80
11,관악구,서대문구,13
11,관악구,서초구,834
11,관악구,성동구,15
11,관악구,송파구,8
11,관악구,양천구,415
11,관악구,영등포구,2159
11,관악구,용산구,77
11,관악구,은평구,12
11,관악구,종로구,3
11,관악구,중구,5
11,광진구,강남구,790
11,광진구,강동구,1380
11,광진구,강북구,85
11,광진구,강서구,2
11,광진구,관악구,2
11,광진구,광진구,82770
11,광진구,구로구,6
11,광진구,금천구,6
11,광진구,노원구,502
11,광진구,도봉구,49
11,광진구,동대문구,3046
11,광진구,동작구,45
11,광진구,마포구,68
11,광진구,서대문구,10
11,광진구,서초구,182
11,광진구,성동구,15498
11,광진구,성북구,180
11,광진구,송파구,2694
11,광진구,양천구,1
11,광진구,영등포구,90
11,광진구,용산구,217
11,광진구,은평구,4
11,광진구,종로구,72
11,광진구,중구,119
11,광진구,중랑구,1756
11,구로구,강남구,24
11,구로구,강서구,634
11,구로구,관악구,4623
11,구로구,광진구,6
11,구로구,구로구,60820
11,구로구,금천구,6691
11,구로구,동대문구,2
11,구로구,동작구,1804
11,구로구,마포구,245
11,구로구,서대문구,27
11,구로구,서초구,33
11,구로구,성동구,4
11,구로구,송파구,6
11,구로구,양천구,6646
11,구로구,영등포구,12023
11,구로구,용산구,49
11,구로구,은평구,35
11,구로구,종로구,9
11,구로구,중구,14
11,구로구,중랑구,3
11,금천구,강남구,1
11,금천구,강서구,161
11,금천구,관악구,1252
11,금천구,구로구,5865
11,금천구,금천구,33376
11,금천구,동대문구,1
11,금천구,동작구,378
11,금천구,마포구,91
11,금천구,서대문구,5
11,금천구,서초구,9
11,금천구,송파구,2
11,금천구,양천구,953
11,금천구,영등포구,1023
11,금천구,용산구,21
11,금천구,은평구,40
11,금천구,종로구,1
11,금천구,중구,1
11,노원구,강남구,29
11,노원구,강동구,8
11,노원구,강북구,1877
11,노원구,광진구,427
11,노원구,노원구,107610
11,노원구,도봉구,9707
11,노원구,동대문구,1249
11,노원구,동작구,6
11,노원구,마포구,17
11,노원구,서대문구,2
11,노원구,서초구,27
11,노원구,성동구,472
11,노원구,성북구,3451
11,노원구,송파구,15
11,노원구,영등포구,7
11,노원구,용산구,30
11,노원구,은평구,1
11,노원구,종로구,57
11,노원구,중구,33
11,노원구,중랑구,5460
11,도봉구,강남구,3
11,도봉구,강동구,3
11,도봉구,강북구,4367
11,도봉구,광진구,82
11,도봉구,노원구,9501
11,도봉구,도봉구,28318
11,도봉구,동대문구,304
11,도봉구,동작구,2
11,도봉구,마포구,4
11,도봉구,서초구,3
11,도봉구,성동구,130
11,도봉구,성북구,471
11,도봉구,송파구,1
11,도봉구,영등포구,3
11,도봉구,용산구,5
11,도봉구,종로구,10
11,도봉구,중구,10
11,도봉구,중랑구,241
11,동대문구,강남구,200
11,동대문구,강동구,38
11,동대문구,강북구,358
11,동대문구,강서구,4
11,동대문구,관악구,4
11,동대문구,광진구,2457
11,동대문구,금천구,1
11,동대문구,노원구,1346
11,동대문구,도봉구,268
11,동대문구,동대문구,50825
11,동대문구,동작구,16
11,동대문구,마포구,79
11,동대문구,서대문구,21
11,동대문구,서초구,80
11,동대문구,성동구,8560
11,동대문구,성북구,7331
11,동대문구,송파구,82
11,동대문구,영등포구,37
11,동대문구,용산구,152
11,동대문구,종로구,2555
11,동대문구,중구,2533
11,동대문구,중랑구,4981
11,동작구,강남구,268
11,동작구,강동구,8
11,동작구,강서구,138
11,동작구,관악구,4871
11,동작구,광진구,45
11,동작구,구로구,1863
11,동작구,금천구,346
11,동작구,노원구,9
11,동작구,도봉구,12
11,동작구,동대문구,49
11,동작구,동작구,27331
11,동작구,마포구,413
11,동작구,서대문구,44
11,동작구,서초구,3808
11,동작구,성동구,154
11,동작구,성북구,22
11,동작구,송파구,120
11,동작구,양천구,191
11,동작구,영등포구,6953
11,동작구,용산구,2340
11,동작구,은평구,22
11,동작구,종로구,43
11,동작구,중구,151
11,동작구,중랑구,5
11,마포구,강남구,128
11,마포구,강동구,6
11,마포구,강북구,5
11,마포구,강서구,1385
11,마포구,관악구,89
11,마포구,광진구,86
11,마포구,구로구,260
11,마포구,금천구,77
11,마포구,노원구,13
11,마포구,도봉구,4
11,마포구,동대문구,78
11,마포구,동작구,408
11,마포구,마포구,88918
11,마포구,서대문구,13123
11,마포구,서초구,349
11,마포구,성동구,326
11,마포구,성북구,39
11,마포구,송파구,63
11,마포구,양천구,476
11,마포구,영등포구,4509
11,마포구,용산구,2190
11,마포구,은평구,6097
11,마포구,종로구,471
11,마포구,중구,737
11,마포구,중랑구,27
11,서대문구,강남구,19
11,서대문구,강동구,3
11,서대문구,강북구,3
11,서대문구,강서구,169
11,서대문구,관악구,16
11,서대문구,광진구,4
11,서대문구,구로구,23
11,서대문구,금천구,5
11,서대문구,노원구,3
11,서대문구,도봉구,1
11,서대문구,동대문구,38
11,서대문구,동작구,58
11,서대문구,마포구,15544
11,서대문구,서대문구,24449
11,서대문구,서초구,54
11,서대문구,성동구,43
11,서대문구,성북구,28
11,서대문구,송파구,4
11,서대문구,양천구,123
11,서대문구,영등포구,641
11,서대문구,용산구,502
11,서대문구,은평구,4015
11,서대문구,종로구,1631
11,서대문구,중구,1888
11,서대문구,중랑구,17
11,서초구,강남구,7925
11,서초구,강동구,142
11,서초구,강북구,7
11,서초구,강서구,133
11,서초구,관악구,810
11,서초구,광진구,294
11,서초구,구로구,48
11,서초구,금천구,24
11,서초구,노원구,46
11,서초구,동대문구,85
11,서초구,동작구,3825
11,서초구,마포구,411
11,서초구,서대문구,55
11,서초구,서초구,52931
11,서초구,성동구,570
11,서초구,성북구,72
11,서초구,송파구,1141
11,서초구,양천구,33
11,서초구,영등포구,1063
11,서초구,용산구,962
11,서초구,은평구,19
11,서초구,종로구,26
11,서초구,중구,89
11,서초구,중랑구,82
11,성동구,강남구,1083
11,성동구,강동구,129
11,성동구,강북구,143
11,성동구,강서구,25
11,성동구,관악구,12
11,성동구,광진구,14266
11,성동구,구로구,2
11,성동구,노원구,515
11,성동구,도봉구,127
11,성동구,동대문구,9101
11,성동구,동작구,210
11,성동구,마포구,299
11,성동구,서대문구,35
11,성동구,서초구,576
11,성동구,성동구,53928
11,성동구,성북구,2031
11,성동구,송파구,654
11,성동구,양천구,7
11,성동구,영등포구,195
11,성동구,용산구,1050
11,성동구,은평구,16
11,성동구,종로구,2116
11,성동구,중구,2835
11,성동구,중랑구,1319
11,성북구,강남구,45
11,성북구,강동구,3
11,성북구,강북구,2601
11,성북구,강서구,3
11,성북구,관악구,2
11,성북구,광진구,213
11,성북구,노원구,3547
11,성북구,도봉구,558
11,성북구,동대문구,7183
11,성북구,동작구,17
11,성북구,마포구,50
11,성북구,서대문구,33
11,성북구,서초구,77
11,성북구,성동구,1937
11,성북구,성북구,31710
11,성북구,송파구,64
11,성북구,영등포구,20
11,성북구,용산구,91
11,성북구,은평구,2
11,성북구,종로구,4593
11,성북구,중구,1554
11,성북구,중랑구,939
11,송파구,강남구,7911
11,송파구,강동구,16120
11,송파구,강북구,3
11,송파구,강서구,6
11,송파구,관악구,8
11,송파구,광진구,2713
11,송파구,구로구,1
11,송파구,금천구,2
11,송파구,노원구,15
11,송파구,도봉구,1
11,송파구,동대문구,89
11,송파구,동작구,80
11,송파구,마포구,70
11,송파구,서대문구,1
11,송파구,서초구,868
11,송파구,성동구,617
11,송파구,성북구,70
11,송파구,송파구,184994
11,송파구,양천구,6
11,송파구,영등포구,115
11,송파구,용산구,117
11,송파구,종로구,29
11,송파구,중구,32
11,송파구,중랑구,45
11,양천구,강남구,3
11,양천구,강서구,11668
11,양천구,관악구,340
11,양천구,광진구,2
11,양천구,구로구,6528
11,양천구,금천구,965
11,양천구,노원구,1
11,양천구,동작구,153
11,양천구,마포구,297
11,양천구,서대문구,51
11,양천구,서초구,44
11,양천구,성동구,11
11,양천구,성북구,1
11,양천구,송파구,6
11,양천구,양천구,115724
11,양천구,영등포구,6837
11,양천구,용산구,50
11,양천구,은평구,20
11,양천구,종로구,13
11,양천구,중구,3
11,영등포구,강남구,279
11,영등포구,강동구,17
11,영등포구,강서구,2959
11,영등포구,관악구,2180
11,영등포구,광진구,88
11,영등포구,구로구,12352
11,영등포구,금천구,833
11,영등포구,노원구,29
11,영등포구,도봉구,2
11,영등포구,동대문구,49
11,영등포구,동작구,6907
11,영등포구,마포구,4875
11,영등포구,서대문구,625
11,영등포구,서초구,1001
11,영등포구,성동구,261
11,영등포구,성북구,45
11,영등포구,송파구,175
11,영등포구,양천구,7245
11,영등포구,영등포구,153372
11,영등포구,용산구,1295
11,영등포구,은평구,257
11,영등포구,종로구,69
11,영등포구,중구,134
11,영등포구,중랑구,13
11,용산구,강남구,379
11,용산구,강동구,32
11,용산구,강북구,6
11,용산구,강서구,102
11,용산구,관악구,100
11,용산구,광진구,281
11,용산구,구로구,98
11,용산구,금천구,9
11,용산구,노원구,24
11,용산구,도봉구,5
11,용산구,동대문구,211
11,용산구,동작구,2438
11,용산구,마포구,2575
11,용산구,서대문구,335
11,용산구,서초구,1130
11,용산구,성동구,1052
11,용산구,성북구,80
11,용산구,송파구,148
11,용산구,양천구,46
11,용산구,영등포구,1393
11,용산구,용산구,31810
11,용산구,은평구,101
11,용산구,종로구,768
11,용산구,중구,2241
11,용산구,중랑구,83
11,은평구,강남구,13
11,은평구,강북구,1
11,은평구,강서구,52
11,은평구,관악구,6
11,은평구,광진구,3
11,은평구,구로구,24
11,은평구,금천구,21
11,은평구,동대문구,1
11,은평구,동작구,28
11,은평구,마포구,5776
11,은평구,서대문구,3954
11,은평구,서초구,15
11,은평구,성동구,24
11,은평구,성북구,7
11,은평구,송파구,1
11,은평구,양천구,39
11,은평구,영등포구,134
11,은평구,용산구,74
11,은평구,은평구,50245
11,은평구,종로구,191
11,은평구,중구,120
11,은평구,중랑구,2
11,종로구,강남구,62
11,종로구,강동구,24
11,종로구,강북구,106
11,종로구,강서구,29
11,종로구,관악구,2
11,종로구,광진구,167
11,종로구,구로구,27
11,종로구,금천구,1
11,종로구,노원구,90
11,종로구,도봉구,35
11,종로구,동대문구,3053
11,종로구,동작구,96
11,종로구,마포구,780
11,종로구,서대문구,2273
11,종로구,서초구,39
11,종로구,성동구,2189
11,종로구,성북구,4785
11,종로구,송파구,44
11,종로구,양천구,12
11,종로구,영등포구,189
11,종로구,용산구,890
11,종로구,은평구,447
11,종로구,종로구,57437
11,종로구,중구,18941
11,종로구,중랑구,170
11,중구,강남구,66
11,중구,강동구,27
11,중구,강북구,103
11,중구,강서구,48
11,중구,관악구,26
11,중구,광진구,233
11,중구,구로구,27
11,중구,노원구,57
11,중구,도봉구,15
11,중구,동대문구,3029
11,중구,동작구,218
11,중구,마포구,978
11,중구,서대문구,1791
11,중구,서초구,107
11,중구,성동구,3202
11,중구,성북구,1877
11,중구,송파구,44
11,중구,양천구,13
11,중구,영등포구,255
11,중구,용산구,2536
11,중구,은평구,117
11,중구,종로구,18047
11,중구,중구,28101
11,중구,중랑구,99
11,중랑구,강남구,67
11,중랑구,강동구,27
11,중랑구,강북구,143
11,중랑구,광진구,1529
11,중랑구,노원구,5422
11,중랑구,도봉구,202
11,중랑구,동대문구,5074
11,중랑구,동작구,3
11,중랑구,마포구,24
11,중랑구,서대문구,2
11,중랑구,서초구,44
11,중랑구,성동구,1049
11,중랑구,성북구,766
11,중랑구,송파구,43
11,중랑구,영등포구,7
11,중랑구,용산구,55
11,중랑구,은평구,4
11,중랑구,종로구,103
11,중랑구,중구,55
11,중랑구,중랑구,50252
12,강남구,강남구,22364
12,강남구,강동구,202
12,강남구,강서구,8
12,강남구,관악구,12
12,강남구,광진구,377
12,강남구,구로구,3
12,강남구,노원구,8
12,강남구,동대문구,82
12,강남구,동작구,73
12,강남구,마포구,66
12,강남구,서대문구,9
12,강남구,서초구,3312
12,강남구,성동구,350
12,강남구,성북구,16
12,강남구,송파구,3187
12,강남구,양천구,8
12,강남구,영등포구,58
12,강남구,용산구,137
12,강남구,은평구,8
12,강남구,종로구,18
12,강남구,중구,19
12,강남구,중랑구,28
12,강동구,강남구,156
12,강동구,강동구,40205
12,강동구,강북구,1
12,강동구,광진구,325
12,강동구,노원구,5
12,강동구,동대문구,40
12,강동구,동작구,3
12,강동구,마포구,3
12,강동구,서초구,39
12,강동구,성동구,43
12,강동구,성북구,1
12,강동구,송파구,6433
12,강동구,영등포구,4
12,강동구,용산구,1
12,강동구,종로구,1
12,강동구,중구,1
12,강동구,중랑구,3
12,강북구,강북구,9360
12,강북구,광진구,26
12,강북구,노원구,817
12,강북구,도봉구,1875
12,강북구,동대문구,100
12,강북구,동작구,1
12,강북구,마포구,2
12,강북구,서대문구,2
12,강북구,서초구,2
12,강북구,성동구,44
12,강북구,성북구,1164
12,강북구,용산구,4
12,강북구,종로구,44
12,강북구,중구,52
12,강북구,중랑구,65
12,강서구,강남구,4
12,강서구,강동구,1
12,강서구,강서구,130544
12,강서구,관악구,21
12,강서구,광진구,1
12,강서구,구로구,238
12,강서구,금천구,60
12,강서구,동작구,35
12,강서구,마포구,264
12,강서구,서대문구,27
12,강서구,서초구,38
12,강서구,성동구,3
12,강서구,송파구,3
12,강서구,양천구,5452
12,강서구,영등포구,713
12,강서구,용산구,46
12,강서구,은평구,23
12,강서구,종로구,2
12,강서구,중구,16
12,관악구,강남구,12
12,관악구,강서구,21
12,관악구,관악구,20505
12,관악구,광진구,2
12,관악구,구로구,1932
12,관악구,금천구,556
12,관악구,동대문구,1
12,관악구,동작구,2588
12,관악구,마포구,14
12,관악구,서대문구,2
12,관악구,서초구,375
12,관악구,성동구,2
12,관악구,송파구,6
12,관악구,양천구,123
12,관악구,영등포구,760
12,관악구,용산구,33
12,관악구,은평구,4
12,관악구,종로구,1
12,관악구,중구,5
12,관악구,중랑구,1
12,광진구,강남구,282
12,광진구,강동구,372
12,광진구,강북구,26
12,광진구,관악구,1
12,광진구,광진구,38305
12,광진구,구로구,1
12,광진구,금천구,4
12,광진구,노원구,127
12,광진구,도봉구,18
12,광진구,동대문구,1246
12,광진구,동작구,1
12,광진구,마포구,17
12,광진구,서초구,40
12,광진구,성동구,7352
12,광진구,성북구,57
12,광진구,송파구,861
12,광진구,영등포구,10
12,광진구,용산구,35
12,광진구,종로구,20
12,광진구,중구,40
12,광진구,중랑구,504
12,구로구,강남구,6
12,구로구,강서구,212
12,구로구,관악구,1920
12,구로구,광진구,6
12,구로구,구로구,28321
12,구로구,금천구,2852
12,구로구,동대문구,1
12,구로구,동작구,808
12,구로구,마포구,84
12,구로구,서대문구,4
12,구로구,서초구,13
12,구로구,성동구,1
12,구로구,송파구,1
12,구로구,양천구,3022
12,구로구,영등포구,5371
12,구로구,용산구,24
12,구로구,은평구,11
12,구로구,종로구,8
12,구로구,중구,4
12,금천구,강남구,1
12,금천구,강서구,40
12,금천구,관악구,552
12,금천구,구로구,2410
12,금천구,금천구,16116
12,금천구,동작구,149
12,금천구,마포구,14
12,금천구,서대문구,1
12,금천구,서초구,8
12,금천구,성동구,1
12,금천구,양천구,373
12,금천구,영등포구,302
12,금천구,용산구,6
12,금천구,은평구,8
12,노원구,강남구,4
12,노원구,강북구,785
12,노원구,광진구,102
12,노원구,노원구,49306
12,노원구,도봉구,4042
12,노원구,동대문구,504
12,노원구,동작구,1
12,노원구,마포구,5
12,노원구,서대문구,1
12,노원구,서초구,6
12,노원구,성동구,101
12,노원구,성북구,1578
12,노원구,송파구,4
12,노원구,용산구,9
12,노원구,종로구,16
12,노원구,중구,9
12,노원구,중랑구,2113
12,도봉구,강동구,1
12,도봉구,강북구,2041
12,도봉구,광진구,30
12,도봉구,노원구,3949
12,도봉구,도봉구,13015
12,도봉구,동대문구,73
12,도봉구,동작구,1
12,도봉구,성동구,35
12,도봉구,성북구,160
12,도봉구,송파구,1
12,도봉구,영등포구,5
12,도봉구,용산구,3
12,도봉구,종로구,5
12,도봉구,중구,1
12,도봉구,중랑구,57
12,동대문구,강남구,55
12,동대문구,강동구,22
12,동대문구,강북구,146
12,동대문구,강서구,1
12,동대문구,관악구,1
12,동대문구,광진구,970
12,동대문구,노원구,432
12,동대문구,도봉구,76
12,동대문구,동대문구,25717
12,동대문구,동작구,2
12,동대문구,마포구,29
12,동대문구,서대문구,8
12,동대문구,서초구,17
12,동대문구,성동구,3958
12,동대문구,성북구,3185
12,동대문구,송파구,24
12,동대문구,영등포구,14
12,동대문구,용산구,56
12,동대문구,은평구,1
12,동대문구,종로구,1215
12,동대문구,중구,1050
12,동대문구,중랑구,2094
12,동작구,강남구,77
12,동작구,강동구,5
12,동작구,강서구,24
12,동작구,관악구,2169
12,동작구,광진구,5
12,동작구,구로구,797
12,동작구,금천구,131
12,동작구,도봉구,1
12,동작구,동대문구,29
12,동작구,동작구,12286
12,동작구,마포구,103
12,동작구,서대문구,20
12,동작구,서초구,1455
12,동작구,성동구,44
12,동작구,성북구,4
12,동작구,송파구,23
12,동작구,양천구,74
12,동작구,영등포구,2990
12,동작구,용산구,786
12,동작구,은평구,5
12,동작구,종로구,14
12,동작구,중구,46
12,동작구,중랑구,1
12,마포구,강남구,38
12,마포구,강동구,2
12,마포구,강북구,6
12,마포구,강서구,317
12,마포구,관악구,19
12,마포구,광진구,23
12,마포구,구로구,67
12,마포구,금천구,17
12,마포구,노원구,3
12,마포구,도봉구,6
12,마포구,동대문구,26
12,마포구,동작구,86
12,마포구,마포구,41446
12,마포구,서대문구,5507
12,마포구,서초구,62
12,마포구,성동구,88
12,마포구,성북구,30
12,마포구,송파구,16
12,마포구,양천구,159
12,마포구,영등포구,1246
12,마포구,용산구,750
12,마포구,은평구,2063
12,마포구,종로구,148
12,마포구,중구,343
12,마포구,중랑구,8
12,서대문구,강남구,3
12,서대문구,강서구,52
12,서대문구,관악구,12
12,서대문구,광진구,1
12,서대문구,구로구,2
12,서대문구,금천구,2
12,서대문구,동대문구,11
12,서대문구,동작구,20
12,서대문구,마포구,6978
12,서대문구,서대문구,11459
12,서대문구,서초구,11
12,서대문구,성동구,11
12,서대문구,성북구,7
12,서대문구,송파구,1
12,서대문구,양천구,40
12,서대문구,영등포구,173
12,서대문구,용산구,212
12,서대문구,은평구,1791
12,서대문구,종로구,774
12,서대문구,중구,969
12,서대문구,중랑구,1
12,서초구,강남구,3448
12,서초구,강동구,30
12,서초구,강북구,2
12,서초구,강서구,20
12,서초구,관악구,282
12,서초구,광진구,69
12,서초구,구로구,13
12,서초구,금천구,5
12,서초구,노원구,18
12,서초구,도봉구,1
12,서초구,동대문구,39
12,서초구,동작구,1517
12,서초구,마포구,95
12,서초구,서대문구,10
12,서초구,서초구,23287
12,서초구,성동구,135
12,서초구,성북구,24
12,서초구,송파구,264
12,서초구,양천구,3
12,서초구,영등포구,215
12,서초구,용산구,326
12,서초구,은평구,11
12,서초구,종로구,4
12,서초구,중구,20
12,서초구,중랑구,15
12,성동구,강남구,358
12,성동구,강동구,33
12,성동구,강북구,59
12,성동구,강서구,10
12,성동구,관악구,2
12,성동구,광진구,6633
12,성동구,금천구,1
12,성동구,노원구,176
12,성동구,도봉구,22
12,성동구,동대문구,4028
12,성동구,동작구,76
12,성동구,마포구,54
12,성동구,서대문구,14
12,성동구,서초구,138
12,성동구,성동구,26168
12,성동구,성북구,664
12,성동구,송파구,142
12,성동구,양천구,3
12,성동구,영등포구,41
12,성동구,용산구,328
12,성동구,은평구,5
12,성동구,종로구,942
12,성동구,중구,1118
12,성동구,중랑구,434
12,성북구,강남구,4
12,성북구,강동구,1
12,성북구,강북구,1055
12,성북구,광진구,83
12,성북구,노원구,1542
12,성북구,도봉구,187
12,성북구,동대문구,3203
12,성북구,동작구,4
12,성북구,마포구,14
12,성북구,서대문구,5
12,성북구,서초구,16
12,성북구,성동구,587
12,성북구,성북구,14528
12,성북구,송파구,19
12,성북구,영등포구,3
12,성북구,용산구,20
12,성북구,은평구,1
12,성북구,종로구,2097
12,성북구,중구,569
12,성북구,중랑구,416
12,송파구,강남구,2738
12,송파구,강동구,6476
12,송파구,관악구,3
12,송파구,광진구,963
12,송파구,노원구,1
12,송파구,도봉구,1
12,송파구,동대문구,23
12,송파구,동작구,16
12,송파구,마포구,16
12,송파구,서대문구,3
12,송파구,서초구,195
12,송파구,성동구,131
12,송파구,성북구,22
12,송파구,송파구,84832
12,송파구,양천구,1
12,송파구,영등포구,18
12,송파구,용산구,22
12,송파구,종로구,23
12,송파구,중구,9
12,송파구,중랑구,18
12,양천구,강남구,3
12,양천구,강서구,5320
12,양천구,관악구,102
12,양천구,구로구,3109
12,양천구,금천구,421
12,양천구,동작구,58
12,양천구,마포구,99
12,양천구,서대문구,29
12,양천구,서초구,17
12,양천구,성동구,5
12,양천구,송파구,1
12,양천구,양천구,60496
12,양천구,영등포구,2877
12,양천구,용산구,20
12,양천구,은평구,20
12,양천구,종로구,3
12,양천구,중구,3
12,영등포구,강남구,67
12,영등포구,강동구,5
12,영등포구,강서구,809
12,영등포구,관악구,825
12,영등포구,광진구,13
12,영등포구,구로구,5554
12,영등포구,금천구,229
12,영등포구,노원구,9
12,영등포구,동대문구,16
12,영등포구,동작구,3034
12,영등포구,마포구,1491
12,영등포구,서대문구,159
12,영등포구,서초구,280
12,영등포구,성동구,69
12,영등포구,성북구,11
12,영등포구,송파구,51
12,영등포구,양천구,3152
12,영등포구,영등포구,73620
12,영등포구,용산구,410
12,영등포구,은평구,43
12,영등포구,종로구,31
12,영등포구,중구,38
12,영등포구,중랑구,8
12,용산구,강남구,103
12,용산구,강동구,14
12,용산구,강북구,2
12,용산구,강서구,25
12,용산구,관악구,22
12,용산구,광진구,77
12,용산구,구로구,31
12,용산구,금천구,2
12,용산구,노원구,13
12,용산구,도봉구,1
12,용산구,동대문구,60
12,용산구,동작구,741
12,용산구,마포구,887
12,용산구,서대문구,141
12,용산구,서초구,373
12,용산구,성동구,323
12,용산구,성북구,18
12,용산구,송파구,48
12,용산구,양천구,15
12,용산구,영등포구,408
12,용산구,용산구,14785
12,용산구,은평구,24
12,용산구,종로구,319
12,용산구,중구,973
12,용산구,중랑구,29
12,은평구,강남구,3
12,은평구,강북구,1
12,은평구,강서구,19
12,은평구,관악구,1
12,은평구,광진구,1
12,은평구,구로구,5
12,은평구,금천구,11
12,은평구,동대문구,2
12,은평구,동작구,1
12,은평구,마포구,2103
12,은평구,서대문구,1832
12,은평구,서초구,5
12,은평구,성동구,11
12,은평구,송파구,1
12,은평구,양천구,22
12,은평구,영등포구,42
12,은평구,용산구,12
12,은평구,은평구,24238
12,은평구,종로구,92
12,은평구,중구,59
12,종로구,강남구,14
12,종로구,강동구,13
12,종로구,강북구,70
12,종로구,강서구,4
12,종로구,관악구,1
12,종로구,광진구,28
12,종로구,구로구,2
12,종로구,금천구,4
12,종로구,노원구,23
12,종로구,도봉구,11
12,종로구,동대문구,1294
12,종로구,동작구,26
12,종로구,마포구,217
12,종로구,서대문구,894
12,종로구,서초구,15
12,종로구,성동구,857
12,종로구,성북구,1912
12,종로구,송파구,11
12,종로구,양천구,1
12,종로구,영등포구,48
12,종로구,용산구,271
12,종로구,은평구,177
12,종로구,종로구,27409
12,종로구,중구,9184
12,종로구,중랑구,66
12,중구,강남구,24
12,중구,강동구,4
12,중구,강북구,49
12,중구,강서구,15
12,중구,관악구,3
12,중구,광진구,83
12,중구,구로구,2
12,중구,노원구,10
12,중구,도봉구,7
12,중구,동대문구,1368
12,중구,동작구,71
12,중구,마포구,396
12,중구,서대문구,811
12,중구,서초구,33
12,중구,성동구,1317
12,중구,성북구,690
12,중구,송파구,22
12,중구,양천구,1
12,중구,영등포구,54
12,중구,용산구,1074
12,중구,은평구,57
12,중구,종로구,8832
12,중구,중구,13596
12,중구,중랑구,23
12,중랑구,강남구,22
12,중랑구,강동구,1
12,중랑구,강북구,58
12,중랑구,광진구,466
12,중랑구,노원구,2141
12,중랑구,도봉구,46
12,중랑구,동대문구,2113
12,중랑구,동작구,2
12,중랑구,마포구,14
12,중랑구,서초구,5
12,중랑구,성동구,428
12,중랑구,성북구,322
12,중랑구,송파구,8
12,중랑구,영등포구,6
12,중랑구,용산구,19
12,중랑구,종로구,44
12,중랑구,중구,7
12,중랑구,중랑구,23085
